CustomerID,Anket_Puani
3668-QPYBK,4
9237-HQITU,1
9305-CDSKC,1
7892-POOKP,5
0280-XJGEX,8
4190-MFLUW,1
8779-QRDMV,2
1066-JKSGK,7
6467-CHFZW,8
8665-UTDHZ,3
8773-HHUOZ,8
6047-YHPVI,1
5380-WJKOV,9
8168-UQWWF,2
7760-OYPDY,2
9420-LOJKX,4
7495-OOKFY,10
1658-BYGOY,3
5698-BQJOH,4
5919-TMRGD,6
9191-MYQKX,7
8637-XJIVR,5
0278-YXOOG,2
4598-XLKNJ,3
3192-NQECA,10
0486-HECZI,3
4846-WHAFZ,5
5299-RULOA,5
0404-SWRVG,4
4412-YLTKF,8
6207-WIOLX,6
3091-FYHKI,6
2372-HWUHI,1
0390-DCFDQ,6
4080-OGPJL,3
2135-RXIHG,6
3874-EQOEP,10
0867-MKZVY,6
3376-BMGFE,2
3445-HXXGF,1
1875-QIVME,3
0691-JVSYA,5
2656-FMOKZ,4
2070-FNEXE,7
6317-YPKDH,4
9367-WXLCH,8
1918-ZBFQJ,7
1024-GUALD,10
2472-OVKUP,9
1285-OKIPP,1
7825-ECJRF,5
7841-TZDMQ,4
9408-SSNVZ,6
0742-MOABM,1
2232-DMLXU,6
8937-RDTHP,1
1251-KRREG,1
0094-OIFMO,8
9947-OTFQU,2
0322-YINQP,10
4629-NRXKX,6
9514-JDSKI,6
4959-JOSRX,6
7273-TEFQD,8
3606-TWKGI,4
6323-AYBRX,3
4385-GZQXV,6
6366-ZGQGL,4
5940-AHUHD,2
6432-TWQLB,6
4484-GLZOU,10
9512-UIBFX,5
5583-SXDAG,9
3488-PGMQJ,6
3580-REOAC,3
7534-BFESC,5
6390-DSAZX,10
8098-LLAZX,8
0265-EDXBD,9
7563-BIUPC,8
2321-OMBXY,3
2840-XANRC,9
5020-ZSTTY,3
5804-LEPIM,8
0122-OAHPZ,10
2868-SNELZ,9
4322-RCYMT,7
6680-NENYN,4
1343-EHPYB,10
2034-GDRCN,9
0219-YTZUE,3
0623-IIHUG,3
4572-DVCGN,2
9057-MSWCO,10
1010-DIAUQ,3
0259-GBZSH,1
9601-BRXPO,4
6905-NIQIN,8
5167-ZFFMM,5
4895-TMWIR,2
0533-BNWKF,3
6599-CEBNN,1
0979-PHULV,2
4800-VHZKI,1
7989-CHGTL,2
0334-GDDSO,3
0578-SKVMF,1
5564-NEMQO,9
9063-ZGTUY,10
2957-LOLHO,5
7752-XUSCI,8
4110-PFEUZ,5
0256-LTHVJ,8
0880-TKATG,7
3811-VBYBZ,4
4640-UHDOS,7
3583-EKAPL,6
9399-APLBT,3
2359-KMGLI,9
0306-JAELE,10
6227-HWPWX,9
0447-BEMNG,5
5949-XIKAE,8
8372-JUXUI,7
0388-EOPEX,9
8205-OTCHB,7
6235-VDHOM,4
7783-YKGDV,4
5609-CEBID,8
7218-HKQFK,6
4636-QRJKY,9
5956-VKDTT,10
9412-GHEEC,7
0257-ZESQC,7
6825-UYPFK,4
8397-MVTAZ,3
9282-IZGQK,8
1342-JPNKI,7
2817-NTQDO,4
6986-IJDHX,4
5301-GAUUY,1
0939-YAPAF,7
4710-FDUIZ,1
1218-VKFPE,10
3627-FHKBK,10
2865-TCHJW,4
5192-EBGOV,3
0719-SYFRB,3
3419-SNJJD,1
6543-CPZMK,4
4765-OXPPD,1
1009-IRMNA,8
4554-YGZIH,1
5099-BAILX,6
7207-RMRDB,7
4913-EHYUI,10
0195-IESCP,2
4580-TMHJU,4
0970-ETWGE,3
1626-ERCMM,9
0887-HJGAR,7
5644-PDMZC,2
9576-ANLXO,6
2024-BASKD,9
4160-AMJTL,3
4464-JCOLN,6
5650-VDUDS,3
7538-GWHML,3
3859-CVCET,4
3276-HDUEG,9
0823-HSCDJ,8
0822-GAVAP,1
1448-PWKYE,1
0067-DKWBL,7
2276-YDAVZ,3
5896-NPFWW,7
7133-VBDCG,9
1029-QFBEN,3
4952-YSOGZ,3
1589-AGTLK,2
5244-IRFIH,10
2684-EIWEO,1
6439-GTPCA,9
5138-WVKYJ,6
6683-VLCTZ,6
2189-WWOEW,8
1894-IGFSG,5
7379-POKDZ,9
0236-HFWSV,5
3900-AQPHZ,2
5842-POCOP,6
2037-XJFUP,9
7314-OXENN,3
0322-CHQRU,10
4678-DVQEO,4
0691-IFBQW,10
3009-JWMPU,8
1450-GALXR,6
3138-BKYAV,7
4289-DTDKW,7
1820-TQVEV,4
2239-JALAW,6
4853-RULSV,9
6275-YDUVO,3
0115-TFERT,8
2311-QYMUQ,7
3643-AHCFP,4
3104-OWCGK,10
9101-BWFSS,3
9231-ZJYAM,7
6982-SSHFK,10
0727-BMPLR,9
1038-ZAGBI,10
3027-ZTDHO,3
2382-BCKQJ,10
2207-NHRJK,9
0947-MUGVO,8
9944-HKVVB,3
4124-MMETB,8
3671-SHRSP,4
3313-QKNKB,6
5073-WXOYN,10
0207-MDKNV,2
9851-KIELU,8
3908-BLSYF,9
7549-MYGPK,7
3804-RVTGV,8
9227-LUNBG,7
4315-MURBD,10
9734-YWGEX,4
2719-BDAQO,1
0781-LKXBR,3
1907-UBQFC,7
6513-EECDB,7
7074-IEVOJ,3
9625-QSTYE,1
4750-ZRXIU,10
6400-BWQKW,9
6680-WKXRZ,6
7028-DVOIQ,7
4208-UFFGW,1
9448-REEVD,1
9117-SHLZX,4
9889-TMAHG,7
4541-RMRLG,8
3158-MOERK,10
7294-TMAOP,9
8919-FYFQZ,1
2834-JRTUA,4
5875-YPQFJ,4
6646-QVXLR,3
8603-IJWDN,7
9369-XFEHK,1
3842-IYKUE,9
6641-XRPSU,8
1374-DMZUI,2
8357-EQXFO,2
1989-PRJHP,8
9524-EGPJC,1
6993-OHLXR,7
8818-XYFCQ,9
4695-VADHF,3
3863-IUBJR,7
4822-RVYBB,6
8436-BJUMM,7
4184-TJFAN,7
4145-UQXUQ,10
9948-YPTDG,1
1236-WFCDV,3
4883-QICIH,10
8329-IBCTI,1
1271-SJBGZ,5
5669-SRAIP,3
5981-ITEMU,1
6941-PMGEP,2
1624-WOIWJ,10
2074-GKOWZ,5
0376-YMCJC,3
0634-SZPQA,6
5536-RTPWK,9
6166-ILMNY,6
3097-NNSPB,2
0655-RBDUG,2
4361-BKAXE,8
9878-TNQGW,8
4441-NIHPT,6
8999-BOHSE,10
7029-RPUAV,7
4607-CHPCA,1
8824-RWFXJ,9
9763-PDTKK,5
7627-JKIAZ,9
4081-DYXAV,2
8111-SLLHI,8
0927-LCSMG,7
8257-RZAHR,4
5293-WXJAK,3
0841-NULXI,4
7851-WZEKY,4
8844-TONUD,10
4086-YQSNZ,10
5868-CZJDR,8
0135-NMXAP,4
6270-OMFIW,5
0107-WESLM,2
3992-YWPKO,4
0125-LZQXK,7
8399-YNDCH,3
5673-FSSMF,1
1579-KLYDT,8
3927-NLNRY,8
6358-LYNGM,6
5494-HECPR,7
9824-BEMCV,10
1373-ORVIZ,2
9866-QEVEE,5
9897-KXHCM,7
7979-CORPM,9
1618-CFHME,1
3165-HDOEW,3
6581-NQCBA,6
1689-MRZQR,7
5835-BEQEU,6
5565-FILXA,1
5552-ZNFSJ,4
2223-KAGMX,6
7321-PKUYW,8
2833-SLKDQ,10
7595-EUIVN,4
2026-TGDHM,7
4030-VPZBD,3
4187-CINZD,8
6818-WOBHJ,1
2408-TZMJL,4
9134-CEQMF,8
7993-PYKOF,10
5027-XWQHA,4
4566-QVRRW,2
8519-IMDHU,2
0201-OAMXR,4
3372-KWFBM,4
7831-QGOXH,2
6393-WRYZE,7
6599-RCLCJ,6
9831-BPFRI,3
1725-MIMXW,8
0031-PVLZI,8
7206-GZCDC,1
4791-QRGMF,3
1768-ZAIFU,5
4671-LXRDQ,2
1934-SJVJK,5
3838-OZURD,10
9269-CQOOL,3
2845-HSJCY,9
1184-PJVDB,1
9415-DPEWS,4
7943-RQCHR,10
3793-MMFUH,6
3249-ZPQRG,9
2568-BRGYX,3
7721-JXEAW,3
7249-WBIYX,5
6567-HOOPW,7
3164-AALRN,5
3334-CTHOL,8
4704-ERYFC,5
8621-MNIHH,7
0471-LVHGK,6
9518-RWHZL,10
5419-CONWX,2
6240-EURKS,3
6960-HVYXR,4
7024-OHCCK,5
7861-UVUFT,9
5357-TZHPP,6
0680-DFNNY,1
7767-UXAGJ,3
1571-SAVHK,7
9546-CQJSU,8
0506-LVNGN,7
2951-QOQTK,5
3473-XIIIT,10
7893-IXHRQ,8
2952-QAYZF,9
4763-PGDPO,7
5394-SVGJV,9
9283-LZQOH,1
7079-QRCBC,9
5469-CTCWN,3
9851-QXEEQ,6
9809-IMGCQ,8
5208-HFSBT,3
3254-YRILK,4
2667-WYLWJ,7
0529-ONKER,7
5240-IJOQT,4
1092-GANHU,9
0661-XEYAN,3
7881-EVUAD,8
5766-XQXMQ,8
3703-VAVCL,4
8519-QJGJD,7
6326-MTTXK,4
0330-IVZHA,1
2886-KEFUM,1
4237-RLAQD,1
9651-GTSAQ,2
3186-BAXNB,6
0637-YLETY,10
1157-BQCUW,5
2660-EMUBI,2
7675-OZCZG,8
2003-CKLOR,9
9254-RBFON,7
1205-WNWPJ,9
9391-EOYLI,4
8387-MOJJT,7
2761-OCIAX,5
3068-OMWZA,5
6032-KRXXO,3
7459-RRWQZ,9
4154-AQUGT,10
3092-IGHWF,5
8017-LXHFA,6
6352-TWCAU,3
2929-QNSRW,10
1262-OPMFY,7
4248-QPAVC,9
1899-VXWXM,9
4690-LLKUA,10
3331-HQDTW,10
9490-DFPMD,5
5442-XSDCW,7
3049-NDXFL,3
8580-AECUZ,6
7963-GQRMY,8
1228-FZFRV,8
2058-DCJBE,2
5364-XYIRR,6
4829-AUOAX,7
5047-LHVLY,7
9158-VCTQB,3
6311-UEUME,9
6839-ITVZJ,2
0375-HVGXO,3
8593-WHYHV,2
6097-EQISJ,9
4423-YLHDV,4
0107-YHINA,2
8640-SDGKB,3
4116-TZAQJ,4
3877-JRJIP,10
8375-DKEBR,6
7511-YMXVQ,5
7551-JOHTI,3
9804-ICWBG,10
5318-IXUZF,8
3198-VELRD,8
9436-ZBZCT,7
7279-BUYWN,3
7156-MHUGY,1
7198-GLXTC,5
0516-VRYBW,1
8380-PEFPE,6
5687-DKDTV,7
7530-HDYDS,5
3096-IZETN,4
5922-ABDVO,2
9172-ANCRX,5
6910-HADCM,9
4816-LXZYW,4
9606-PBKBQ,2
3536-IQCTX,6
4911-BANWH,8
8496-EJAUI,2
3132-TVFDZ,9
8080-DDEMJ,7
6365-MTGZX,2
1349-WXNGG,5
6990-YNRIO,5
0621-TWIEM,7
2485-ITVKB,5
3669-OYSJI,6
1612-EOHDH,9
6702-OHFWR,3
4510-PYUSH,3
7517-SAWMO,8
4143-HHPMK,10
7054-LGEQW,6
0923-PNFUB,10
3494-JCHRQ,3
6474-FVJLC,2
8840-DQLGN,2
4547-LYTDD,2
6770-XUAGN,5
4193-ORFCL,5
7776-QWNFX,1
6689-TCZHQ,2
3143-ILDAL,2
4720-VSTSI,4
3946-MHCZW,7
6651-AZVTJ,3
4566-GOLUK,5
2484-DGXPZ,9
4587-NUKOX,5
0420-BWTPW,9
8183-ONMXC,1
9614-RMGHA,9
5054-IEXZT,5
5834-ASPWA,8
3948-XHGNA,5
0565-IYCGT,6
5445-UTODQ,8
1024-VRZHF,2
9497-QCMMS,3
0348-SDKOL,9
4373-MAVJG,5
8901-HJXTF,5
5419-KLXBN,9
3424-NMNBO,10
4514-GFCFI,3
9828-AOQLM,4
8000-REIQB,7
7615-ESMYF,2
3858-VOBET,8
1447-PJGGA,5
8565-CLBZW,1
9139-WQQDY,3
0224-HJAPT,9
8086-OVPWV,5
9430-FRQOC,8
3074-GQWYX,1
6845-RGTYS,7
8861-HGGKB,7
7065-YUNRY,8
7694-VLBWQ,3
4795-KTRTH,1
6481-OGDOO,9
3753-TSEMP,1
8305-VHZBZ,6
9172-JITSM,9
6298-QDFNH,2
9961-JBNMK,4
6173-ITPWD,2
9734-UYXQI,4
2189-UXTKY,2
4958-GZWIY,1
6356-ELRKD,3
8624-GIOUT,8
6179-GJPSO,5
3177-LASXD,4
4897-QSUYC,5
1084-UQCHV,6
8290-YWKHZ,6
2955-BJZHG,5
3806-DXQOM,6
9300-RENDD,9
0761-AETCS,5
2153-MREFK,6
3106-ULWFW,4
0925-VYDLG,3
4349-GFQHK,6
7802-EFKNY,5
8035-BUYVG,4
9787-XVQIU,5
8945-MUQUF,7
8051-HJRLT,1
3023-GFLBR,1
0524-IAVZO,1
2737-YNGYW,2
5159-YFPKQ,9
4021-RQSNY,5
9061-TIHDA,9
8699-ASUFO,5
7927-AUXBZ,7
4695-WJZUE,6
7619-ODSGN,2
3988-RQIXO,3
2514-GINMM,5
5931-FLJJF,4
2659-VXMWZ,6
3207-OYBWH,8
4285-GYRQC,8
7216-EWTRS,3
8337-MSSXB,4
8182-BJDSI,1
2528-HFYZX,2
2482-CZGBB,9
0866-QLSIR,10
7181-BQYBV,10
6204-IEUXJ,2
4529-CKBCL,6
2506-CLAKW,7
1583-IHQZE,6
0151-ONTOV,8
4140-MUHUG,9
0320-JDNQG,8
7180-PISOG,5
3571-RFHAR,8
9578-VRMNM,10
1587-FKLZB,10
6140-QNRQQ,9
4307-KTUMW,8
5440-FLBQG,2
7470-MCQTK,2
7488-MXJIV,3
2027-FECZV,7
2672-DZUOY,9
3870-MQAMG,8
4800-CZMPC,9
7377-DMMRI,6
8949-JTMAY,1
2774-LVQUS,4
3211-ILJTT,6
4612-THJBS,6
4094-NSEDU,8
5103-MHMHY,1
1846-XWOQN,2
0235-KGSLC,2
2884-GBPFB,6
3757-NJYBX,7
5136-KCKGI,2
3722-WPXTK,5
2929-ERCFZ,6
7548-SEPYI,4
8835-VSDSE,1
1623-NLDOT,3
9898-KZQDZ,10
5236-PERKL,9
7854-FOKSF,6
2519-FAKOD,2
8263-JQAIK,9
7089-IVVAZ,4
2205-YMZZJ,8
1254-IZEYF,10
9492-TOKRI,7
9221-OTIVJ,3
3325-FUYCG,8
5908-QMGOE,4
8481-YYXWG,2
2609-IAICY,5
1740-CSDJP,1
2636-OHFMN,8
1323-OOEPC,8
0397-GZBBC,3
7641-EUYET,1
9921-ZVRHG,4
4701-MLJPN,9
9206-GVPEQ,9
1596-BBVTG,1
8433-WXGNA,7
3707-GNWHM,6
8922-LIEGH,7
8245-UMPYT,7
5186-SAMNZ,8
5373-SFODM,8
5766-ZJYBB,10
8931-GJJIQ,2
4277-PVRAN,4
0022-TCJCI,4
0203-HHYIJ,10
0952-KMEEH,8
8178-EYZUO,3
5130-IEKQT,3
3230-WYKIR,2
0407-BDJKB,1
9600-UDOPK,8
4074-SJFFA,9
3269-ATYWD,9
4910-GMJOT,8
0354-WYROK,5
7576-OYWBN,1
5539-TMZLF,9
4323-SADQS,6
4446-BZKHU,7
5202-IVJNU,8
5976-JCJRH,5
0137-OCGAB,6
3351-NQLDI,7
7593-JNWRU,7
4588-YBNIB,2
3336-JORSO,1
5028-GZLDO,8
6861-XWTWQ,5
6877-TJMBR,10
6769-DCQLI,2
2433-KMEAS,3
2195-ZRVAX,6
3550-SAHFP,10
2011-TRQYE,6
4873-ILOLJ,8
2725-KXXWT,5
9565-DJPIB,5
8348-HFYIV,7
6849-WLEYG,10
4659-NZRUF,5
8429-XIBUM,9
2608-BHKFN,6
7341-LXCAF,7
9462-MJUAW,8
8128-YVJRG,5
4283-FUTGF,4
1569-TTNYJ,8
2397-BRLOM,10
4749-VFKVB,9
7598-UAASY,1
7938-OUHIO,3
8510-AWCXC,4
0431-APWVY,7
3426-NIYYL,6
8225-BTJAU,10
3387-VATUS,10
1143-NMNQJ,1
0415-MOSGF,4
1724-BQUHA,6
4826-XTSOH,3
2495-INZWQ,2
4139-SUGLD,2
6857-VWJDT,10
5624-BQSSA,4
2408-WITXK,1
5577-OTWWW,10
6100-QQHEB,2
2634-HCZGT,10
7503-QQRVF,2
2691-NZETQ,4
4404-HIBDJ,4
7295-JOMMD,1
5013-SBUIH,7
0709-TVGUR,7
6023-YEBUP,10
7209-JCUDS,10
3001-CBHLQ,10
6158-DWPZT,1
3763-GCZHZ,8
0772-GYEQQ,10
4831-EOBFE,7
4102-OQUPX,7
9170-GYZJC,6
3999-QGRJH,4
2454-RPBRZ,8
2002-MZHWP,2
2265-CYWIV,7
2004-OCQXK,3
5027-QPKTE,3
2672-HUYVI,7
7508-MYBOG,3
0148-DCDOS,5
9992-RRAMN,8
0310-MVLET,4
4550-VBOFE,7
5696-QURRL,7
7409-KIUTL,2
1732-VHUBQ,8
0495-RVCBF,10
7854-EDSSA,10
8869-TORSS,9
0679-IDSTG,6
2115-BFTIW,5
0611-DFXKO,1
7780-OTDSO,1
9747-DDZOS,9
0564-JJHGS,4
3348-CFRNX,1
1428-GTBJJ,10
8802-UNOJF,3
6313-GIDIT,6
2845-AFFTX,8
2249-YPRNG,10
7410-YTJIK,2
4626-GYCZP,8
5590-BYNII,1
3237-AJGEH,2
1591-NFNLQ,8
2815-CPTUL,7
0596-BQCEQ,5
1481-ZUWZA,10
2309-OSFEU,2
1891-FZYSA,9
7613-LLQFO,5
2640-PMGFL,8
3801-HMYNL,4
9685-WKZGT,9
6022-UGGSO,10
4484-CGXFK,7
6214-EDAKZ,2
6127-ISGTU,3
8740-XLHDR,2
1208-DNHLN,5
1761-AEZZR,2
3923-CSIHK,5
7120-RFMVS,9
7317-GGVPB,2
1322-AGOQM,9
3677-IYRBF,7
5692-FPTAH,7
1550-LOAHA,5
0268-QKIWO,8
0876-WDUUZ,7
0617-FHSGK,6
2858-MOFSQ,2
8118-LSUEL,6
7005-CCBKV,2
4250-FDVOU,1
5277-ZLOOR,9
2141-RRYGO,5
6376-GAHQE,10
5052-PNLOS,10
6979-ZNSFF,4
2386-LAHRK,8
6032-IGALN,5
4248-HCETZ,7
0516-WJVXC,3
9174-FKWZE,8
8809-RIHDD,8
4822-NGOCH,3
5307-DZCVC,9
8679-JOEVF,8
1432-FPAXX,1
4803-AXVYP,8
3884-HCSWG,4
5077-DXTCG,6
1142-WACZW,10
5649-ANRML,9
4892-VLANZ,5
2919-HBCJO,7
4236-XPXAV,1
3030-YZADT,9
7410-KTVFV,6
8393-DLHGA,4
7395-IGJOS,6
2834-SPCJV,5
7890-VYYWG,3
9907-SWKKF,7
0587-DMGBH,3
6397-JNZZG,2
3523-QRQLL,4
0895-DQHEW,7
8149-RSOUN,5
7250-EQKIY,9
4013-UBXWQ,10
5519-NPHVG,7
8849-GYOKR,9
3148-BLQJT,9
0461-CVKMU,2
8806-EAGWC,1
7779-LGOVN,4
9710-ZUSHQ,4
4183-WCSEP,2
5498-TXHLF,3
9722-UJOJR,3
3902-FOIGH,5
6772-KSATR,1
7112-OPOTK,9
4210-QFJMF,8
3318-OSATS,8
5828-AVIPD,3
1086-LXKFY,2
2636-ALXXZ,1
7774-OJSXI,6
7786-WBJYI,10
9885-CSMWE,1
5016-ETTFF,5
3866-MDTUB,9
8058-JMEQO,9
0697-ZMSWS,4
7657-DYEPJ,7
8276-MQBYC,7
7593-XFKDI,4
0337-CNPZE,5
1513-XNPPH,9
6015-VVHHE,7
6347-DCUIK,7
0897-FEGMU,10
7663-RGWBC,7
1120-BMWUB,9
9124-LHCJQ,5
2235-ZGKPT,6
3891-PUQOD,3
0689-NKYLF,1
3658-KIBGF,2
5519-YLDGW,8
4946-EDSEW,1
2516-VQRRV,10
7580-UGXNC,7
5178-LMXOP,5
8185-UPYBR,6
4585-HETAI,8
7526-BEZQB,4
4951-UKAAQ,6
2108-YKQTY,3
4918-QLLIW,7
7056-IMHCC,2
1625-JAIIY,8
2947-DOMLJ,7
4112-LUEIZ,8
4510-HIMLV,2
8749-JMNKX,3
2430-USGXP,4
5955-ERIHD,9
0917-EZOLA,5
5949-EBSQK,6
7274-RTAPZ,1
0311-UNPFF,4
3834-XUIFC,4
8414-MYSHR,10
7599-FKVXZ,8
8229-TNIQA,8
6221-AVQYL,10
7743-EXURX,6
5569-KGJHX,8
4988-IQIGL,9
7730-IUTDZ,5
0426-TIRNE,1
7587-RZNME,1
0748-RDGGM,2
4706-AXVKM,2
5889-JTMUL,5
9026-RNUJS,7
3746-EUBYR,7
2332-EFBJY,4
9474-PHLYD,4
2165-VOEGB,10
2219-MVUSO,3
8914-RBTSB,2
0963-ZBDRN,3
7594-RQHXR,8
6331-EWIEB,1
5998-VVEJY,4
1624-NALOJ,7
4317-VTEOA,5
1670-SVOWZ,2
7541-YLXCL,1
0260-ZDLGK,6
8722-NGNBH,5
6210-KBBPI,3
0133-BMFZO,9
6128-CZOMY,3
9540-JYROE,2
2260-USTRB,5
3656-TKRVZ,9
8623-TMRBY,8
1501-SGHBW,6
3208-YPIOE,3
2612-RANWT,6
6900-PXRMS,5
3346-BRMIS,1
2933-FILNV,5
9986-BONCE,7
2722-JMONI,9
4083-EUGRJ,1
7579-OOPEC,3
1771-OADNZ,8
0612-RTZZA,6
6410-LEFEN,5
3194-ORPIK,10
8816-VXNZD,2
9378-FXTIZ,3
1723-HKXJQ,2
7825-GKXMW,1
1240-KNSEZ,7
0836-SEYLU,3
4433-JCGCG,7
3716-BDVDB,7
5899-MQZZL,8
6849-OYAMU,1
9488-HGMJH,5
6038-GCYEC,10
1150-WFARN,9
3144-AUDBS,7
5616-PRTNT,1
4818-QIUFN,8
6961-VCPMC,3
6688-UZPWD,4
2839-RFSQE,4
0968-GSIKN,10
1965-DDBWU,8
9057-SIHCH,1
6771-XWBDM,8
8601-QACRS,9
2391-SOORI,9
2645-QTLMB,5
4806-HIPDW,4
4424-TKOPW,4
8443-ZRDBZ,9
9136-ALYBR,8
7479-NITWS,10
2959-MJHIC,10
4201-JMNGR,7
5960-WPXQM,3
0684-AOSIH,4
8260-NGFNY,9
1866-RZZQS,8
8631-NBHFZ,1
4958-XCBDQ,3
8337-UPOAQ,10
1725-IQNIY,2
6598-RFFVI,2
6712-OAWRH,8
8614-VGMMV,6
2930-UOTMB,6
5914-DVBWJ,4
2533-QVMSK,1
8644-XLFBW,7
8625-AZYZY,8
9306-CPCBC,2
1833-VGRUM,2
8374-XGEJJ,1
2656-TABEH,4
6946-LMSQS,6
2325-ZUSFD,5
3932-CMDTD,4
4039-HEUNW,4
0812-WUPTB,10
3594-UVONA,7
0004-TLHLJ,7
5089-IFSDP,2
4817-VYYWS,7
1396-QWFBJ,2
5299-SJCZT,4
2403-BCASL,1
2898-LSJGD,5
7359-PTSXY,1
4503-BDXBD,4
6086-ESGRL,9
3886-CERTZ,8
5759-RCVCB,6
6372-RFVNS,8
8938-UMKPI,5
0991-BRRFB,7
3871-IKPYH,8
6319-IEJWJ,7
9025-AOMKI,4
5275-SQEIZ,5
7716-YTYHG,10
4390-KYULV,6
1304-NECVQ,6
8945-GRKHX,9
6959-UWKHF,10
3815-SLMEF,2
5154-VEKBL,6
5655-JSMZM,3
4505-EXZHB,2
4587-VVTOX,6
4652-NNHNY,4
8972-HJWNV,5
8515-OCTJS,5
2860-RANUS,3
5261-QSHQM,4
8868-WOZGU,3
1334-FJSVR,7
7625-XCQRH,1
1731-TVIUK,6
0406-BPDVR,4
0618-XWMSS,1
5276-KQWHG,1
2565-JSLRY,5
6689-KXGBO,5
6615-NGGZJ,10
4255-DDUOU,7
2984-MIIZL,4
5590-YRFJT,9
3677-TNKIO,4
9667-EQRXU,7
3329-WDIOK,5
2873-ZLIWT,5
3415-TAILE,6
1915-IOFGU,8
3045-XETSH,5
7239-HZZCX,3
7683-CBDKJ,6
0946-CLJTI,2
0628-CNQRM,8
7665-TOALD,8
0112-QWPNC,3
0324-BRPCJ,8
2777-PHDEI,9
1196-AMORA,5
4282-YMKNA,5
5356-RHIPP,6
9189-JWSHV,7
0746-JTRFU,3
0576-WNXXC,5
4628-CTTLA,1
2876-VBBBL,10
6834-NXDCA,5
5597-GLBUC,4
2748-MYRVK,1
4822-YCXMX,7
9821-POOTN,1
6559-ILWKJ,8
4229-CZMLL,10
3663-MITLP,2
9025-ZRPVR,10
3285-UCQVC,5
5482-PLVPE,6
4902-OHLSK,9
0495-ZBNGW,7
2357-COQEK,6
3737-GCSPV,5
4088-YLDSU,6
2034-CGRHZ,4
5797-APWZC,1
3683-QKIUE,9
4228-ZGYUW,5
3519-ZKXGG,8
6416-TVAIH,7
5108-ADXWO,8
3066-RRJIO,1
6715-OFDBP,9
1567-DSCIC,1
2150-UWTFY,3
2683-BPJSO,8
2157-MXBJS,1
9360-AHGNL,1
1087-UDSIH,6
5485-WUYWF,5
2632-UCGVD,6
5445-PZWGX,3
9170-CCKOU,10
1043-YCUTE,10
3814-MLAXC,6
1226-UDFZR,2
6425-YQLLO,8
5442-UTCVD,6
7734-DBOAI,4
2091-RFFBA,4
2114-MGINA,7
4489-SNOJF,3
6899-PPEEA,3
2187-LZGPL,6
4597-NUCQV,9
9019-QVLZD,1
3707-LRWZD,5
1455-ESIQH,1
2979-SXESE,1
4013-TLDHQ,3
3754-DXMRT,3
7130-VTEWQ,4
6121-VZNQB,3
7903-CMPEY,6
6996-KNSML,4
1704-NRWYE,8
2592-SEIFQ,1
7481-ATQQS,8
8642-GVWRF,1
3400-ESFUW,1
2057-ZBLPD,7
5502-RLUYV,1
0023-HGHWL,9
9039-RBEEE,8
8417-FMLZI,1
1792-UXAFY,2
0515-YPMCW,2
0378-XSZPU,2
4729-XKASR,6
5449-FIBXJ,4
9837-BMCLM,8
0137-UDEUO,1
6161-UUUTA,10
6543-XRMYR,4
4925-LMHOK,10
1455-UGQVH,5
8280-MQRQN,9
2037-SGXHH,5
3178-FESZO,3
6087-MVHJH,4
4603-JANFB,10
3018-TFTSU,7
4806-KEXQR,1
7083-YNSKY,6
2479-BRAMR,8
7434-SHXLS,1
7908-QCBCA,8
6711-FLDFB,7
3714-JTVOV,1
4702-IOQDC,9
6178-KFNHS,3
1264-BYWMS,2
9658-WYUFB,7
2013-SGDXK,3
8580-QVLOC,1
2012-NWRPA,10
8808-ELEHO,3
3506-LCJDC,6
3934-HXCFZ,3
7666-WKRON,5
4910-AQFFX,9
2154-KVJFF,7
9647-ERGBE,2
3428-XZMAZ,1
0378-TOVMS,7
4355-HBJHH,4
9058-CBREO,7
0318-QUUOB,6
5520-FVEWJ,7
5572-ZDXHY,4
3750-CKVKH,3
8063-GBATB,5
4547-KQRTM,3
4877-EVATK,3
7639-SUPCW,4
1069-XAIEM,8
4658-HCOHW,2
3440-JPSCL,4
2889-FPWRM,3
6987-XQSJT,7
4290-BSXUX,2
0325-XBFAC,1
2462-XIIJB,10
4760-XOHVN,1
7817-BOQPW,6
1853-UDXBW,3
5458-CQJTA,7
5219-YIPTK,8
3540-RZJYU,5
2091-MJTFX,5
0883-EIBTI,2
0722-TROQR,8
7571-YXDAD,10
3393-FMZPV,1
6402-ZFPPI,10
7486-KSRVI,9
8443-WVPSS,1
3006-XIMLN,1
9965-YOKZB,1
0504-HHAPI,7
6305-YLBMM,4
3647-GMGDH,7
3791-LGQCY,5
8166-ZZTFS,7
2956-GGUCQ,10
6595-COKXZ,7
0362-ZBZWJ,4
4211-MMAZN,2
4274-OWWYO,8
1541-ETJZO,2
4106-HADHQ,9
2369-UAPKZ,5
2778-OCLGR,9
0637-KVDLV,9
6633-MPWBS,8
8785-EPNCG,8
5729-KLZAR,4
1582-RAFML,4
8740-CRYFY,2
2962-XPMCQ,4
1678-FYZOW,4
8627-EHGIP,6
5480-TBGPH,3
8854-CCVSQ,2
0511-JTEOY,8
7067-KSAZT,2
6532-YLWSI,8
9300-AGZNL,7
1112-CUNAO,3
5175-AOBHI,6
5174-RNGBH,6
7270-BDIOA,10
9565-JSNFM,5
0607-DAAHE,8
9732-KPKBW,5
3389-YGYAI,7
9560-ARGQJ,6
5134-IKDAY,7
3070-DVEYC,9
5707-ORNDZ,3
8696-JKZNU,10
5380-AFSSK,7
2055-PDADH,10
8714-EUHJO,3
3721-CNEYS,2
2568-OIADY,7
1193-RTSLK,4
2302-ANTDP,1
5923-GXUOC,6
5233-GEEAX,6
4432-ADRLB,6
8993-PHFWD,2
1565-RHDJD,1
7137-RYLPP,3
3765-JXVKY,2
7330-WZLNC,6
3957-LXOLK,6
6635-MYYYZ,5
5281-BUZGT,10
5378-IKEEG,10
2718-GAXQD,5
6413-XKKPU,9
1449-XQEMT,5
2626-URJFX,10
2612-RRIDN,6
4735-ASGMA,4
3669-LVWZB,10
6892-EZDTG,1
9725-SCPZG,4
5884-GCYMI,2
3217-FZDMN,10
7853-GVUDZ,3
7480-QNVZJ,7
3943-KDREE,7
9239-ZBZZV,1
4398-HSCJH,8
4430-UZIPO,7
4855-SNKMY,1
8008-HAWED,8
7124-UGSUR,2
1862-SKORY,8
1502-XFCVR,3
9692-TUSXH,10
7912-SYRQT,7
4816-JBHOV,6
8292-TYSPY,5
1867-BDVFH,10
2359-QWQUL,2
9103-TCIHJ,2
4140-WJAWW,1
6653-CBBOM,9
3247-ZVOUO,8
6101-IMRMM,8
1268-ASBGA,1
8943-URTMR,5
4713-LZDRV,6
4325-NFSKC,2
2955-PSXOE,10
7762-URZQH,5
6907-NZZIJ,6
2911-UREFD,9
3744-ZRRDZ,10
5673-TIYIB,1
1602-IJQQE,10
4628-WQCQQ,3
1644-IRKSF,9
3705-PSNGL,1
6502-HCJTI,1
2606-RMDHZ,1
8258-GSTJK,7
6861-OKBCE,5
9940-RHLFB,6
2995-UPRYS,8
6686-YPGHK,2
1383-EZRWL,2
4759-TRPLW,3
8563-IIOXK,3
8020-BWHYL,3
2982-VPSGI,4
8199-ZLLSA,3
4625-EWPTF,2
5980-NOPLP,9
6892-XPFPU,6
8010-EZLOU,3
9874-QLCLH,9
8062-YBDOE,4
6000-APYLU,4
0947-IDHRQ,8
3672-YITQD,7
9048-JVYVF,7
8988-ECPJR,10
3776-EKTKM,7
1902-XBTFB,10
0643-OKLRP,5
9381-NDKME,7
2794-XIMMO,4
8382-SHQEH,8
2983-ZANRP,9
7845-URHJN,3
3034-ZBEQN,7
8327-LZKAS,10
1075-BGWOH,9
0302-JOIVN,1
5366-IJEQJ,2
1981-INRFU,7
4971-PUYQO,2
8485-GJCDN,7
1527-SXDPN,1
6029-WTIPC,3
8634-CILSZ,5
6682-QJDGB,6
8780-IXSTS,9
9530-EHPOH,9
0345-HKJVM,3
3049-SOLAY,8
3317-HRTNN,4
3235-ETOOB,7
8058-INTPH,6
5569-OUICF,8
8821-XNHVZ,6
2082-OJVTK,4
5940-NFXKV,2
8053-WWDRO,7
9564-KCLHR,4
2082-CEFLT,9
1213-NGCUN,9
5688-KZTSN,7
2894-QOJRX,5
5747-PMBSQ,3
3143-JQEGI,3
6386-SZZKH,9
2982-IHMFT,9
3521-SYVOR,4
9526-JAWYF,1
5649-VUKMC,10
5143-EGQFK,5
4919-IKATY,8
9050-QLROH,10
6168-WFVVF,4
0877-SDMBN,10
8065-YKXKD,10
9637-EIHEQ,4
9689-PTNPG,9
9465-RWMXL,9
2362-IBOOY,7
0843-WTBXE,10
5515-IDEJJ,8
7450-NWRTR,4
5376-DEQCP,8
9095-HFAFX,6
2379-ENZGV,3
6005-OBZPH,7
7932-WPTDS,3
2722-VOJQL,7
5228-EXCET,5
7394-FKDNK,4
6331-LWDTQ,3
1597-FZREH,8
7000-WCEVQ,4
0727-IWKVK,8
5959-BELXA,10
3512-IZIKN,3
6141-OOXUQ,10
7503-ZGUZJ,9
2506-TNFCO,6
8718-PTMEZ,5
2207-OBZNX,5
6142-VSJQO,3
6437-UKHMV,2
1114-CENIM,6
6060-DRTNL,1
8473-VUVJN,7
6289-CPNLD,5
5536-SLHPM,4
0196-VULGZ,9
8837-VVWLQ,10
2696-NARTR,1
7614-QVWQL,4
1976-CFOCS,3
4631-OACRM,6
3755-JBMNH,5
6345-ULYRW,7
1809-DMJHQ,1
6923-EFPNL,5
9574-RKJIF,2
2619-WFQWU,2
0778-NELLA,2
4614-NUVZD,9
3803-KMQFW,10
6804-GDMOI,3
9572-MTILT,4
9611-CTWIH,5
0329-GTIAJ,4
6629-CZTTH,4
5364-EVNIB,5
5087-SUURX,10
0013-EXCHZ,9
5550-VFRLC,9
4929-BSTRX,6
2225-ZRGSG,3
5271-YNWVR,6
2657-ALMWY,10
6330-JKLPC,4
4667-OHGKG,3
1660-HSOOQ,6
7253-UVNDW,6
7228-OMTPN,2
6284-AHOOQ,9
2344-JMOGN,8
3799-ISUZQ,6
1794-HBQTJ,1
2460-FPSYH,2
4818-DRBQT,4
1320-HTRDR,7
1493-AMTIE,9
6424-ELEYH,10
4391-RESHN,5
6821-BUXUX,10
5028-HTLJB,2
9801-GDWGV,1
2320-JRSDE,10
0601-WZHJF,1
5143-WMWOG,5
5393-RXQSZ,7
0231-LXVAP,9
9444-JTXHZ,9
5510-BOIUJ,8
4471-KXAUH,1
7638-QVMVY,5
3244-DCJWY,6
0875-CABNR,6
7812-FZHPE,4
4797-AXPXK,1
5229-PRWKT,3
6982-UQZLY,10
5057-LCOUI,4
0193-ESZXP,4
4369-HTUIF,4
0156-FVPTA,5
1984-FCOWB,9
0654-HMSHN,4
5287-QWLKY,9
5196-SGOAK,9
1891-UAWWU,1
6108-OQZDQ,5
0363-QJVFX,9
9840-DVNDC,4
3096-JRDSO,5
8042-JVNFH,4
3374-LXDEV,2
5049-GLYVG,10
5883-GTGVD,2
4817-QRJSX,2
2398-YPMUR,1
9985-MWVIX,3
1265-XTECC,10
2237-ZFSMY,1
4871-JTKJF,4
1415-YFWLT,1
6711-VTNRE,4
3500-RMZLT,3
4548-SDBKE,9
8066-POXGX,1
4143-OOBWZ,8
7854-EKTJL,9
9102-IAYHT,7
3422-LYEPQ,1
2642-DTVCO,4
4361-JEIVL,10
1363-TXLSL,1
9507-EXLTT,4
9846-GKXAS,3
6017-PPLPX,2
7136-RVDTZ,1
4581-SSPWD,6
6927-WTFIV,7
3398-ZOUAA,6
0378-NHQXU,9
4512-ZUIYL,9
7969-AULMZ,2
0568-ONFPC,2
0733-VUNUW,9
4550-EVXNY,1
2968-SSGAA,5
4844-JJWUY,1
6777-TGHTM,7
3538-WZPHD,9
4785-QRJHC,6
8610-WFCJF,2
4905-JEFDW,6
7881-INRLC,9
0117-LFRMW,3
6172-FECYY,9
1965-AKTSX,8
4786-UKSNZ,7
7248-VZQLC,8
0011-IGKFF,10
4192-GORJT,6
6496-SLWHQ,3
9912-GVSEQ,7
5383-MMTWC,4
7240-ETPTR,10
2202-CUYXZ,5
5995-OIGLP,8
6261-RCVNS,7
7951-QKZPL,7
3640-PHQXK,8
6877-LGWXO,10
8019-ENHXU,3
5167-GBFRE,3
9033-EOXWV,2
1324-NLTJE,1
1522-VVDMG,10
9185-TQCVP,6
5567-WSELE,6
8063-RJYNF,10
0687-ZVTHB,8
9661-ACXBS,6
3727-RJMEO,6
6646-VRFOL,1
5685-IIXLY,7
4250-ZBWLV,7
5095-AESKG,10
1871-MOWRM,9
2027-OAQQC,7
9090-SGQXL,8
6595-YGXIT,4
9835-ZIITK,9
1555-DJEQW,1
5649-TJHOV,8
0519-XUZJU,3
6338-AVWCY,1
9253-QXKBE,2
9445-SZLCH,6
7568-PODML,5
5349-IECLD,3
3945-GFWQL,9
3797-VTIDR,8
9526-BIHHD,3
4523-WXCEF,2
8364-TRMMK,8
3063-QFSZL,5
8775-LHDJH,9
3097-NQYSN,1
3565-UNOCC,10
9249-FXSCK,3
5493-SDRDQ,5
0871-URUWO,2
9190-MFJLN,3
1095-JUDTC,4
0870-VEMYL,4
5385-SUIRI,9
3982-XWFZQ,1
4009-ALQFH,9
3627-FCRDW,9
7562-GSUHK,6
4903-UYAVB,1
6776-TLWOI,6
4077-CROMM,8
2868-MZAGQ,5
4847-QNOKA,5
6379-RXJRQ,1
8650-RHRKE,1
0475-RIJEP,8
1260-TTRXI,5
6328-ZPBGN,8
4789-KWMXN,10
2867-UIMSS,2
8111-RKSPX,4
1585-MQSSU,10
2856-NNASM,9
8559-CIZFV,3
7547-EKNFS,6
6769-DYBQN,7
4439-JMPMT,3
2446-BEGGB,1
1496-GGSUK,2
2575-GFSOE,10
2842-JTCCU,7
3296-SILRA,7
9681-OXGVC,1
5180-UCIIQ,10
7153-OANIO,7
6521-YYTYI,10
8878-HMWBV,6
3751-KTZEL,6
1977-STDKI,7
5813-UECBU,7
0328-GRPMV,1
4342-HENTK,10
4195-SMMNX,5
6956-SMUCM,8
3223-WZWJM,8
9053-JZFKV,3
2530-ENDWQ,3
6615-ZGEDR,7
9250-WYPLL,4
2754-XBHTB,6
1597-LHYNC,9
7055-VKGDA,10
0754-UKWQP,2
7493-TPUWZ,2
1577-HKTFG,6
8752-STIVR,3
4558-FANTW,1
8651-ENBZX,2
7623-TRNQN,7
9330-IJWIO,4
9286-DOJGF,2
9661-MHUMO,8
1842-EZJMK,4
8079-XRJRS,4
8073-IJDCM,2
8884-ADFVN,1
2720-WGKHP,1
2869-ADAWR,3
9894-EZEWG,6
7851-FLGGQ,7
0637-UBJRP,9
0940-OUQEC,5
0702-PGIBZ,9
1963-VAUKV,8
3058-HJCUY,1
3259-FDWOY,3
0807-ZABDG,8
5748-RNCJT,9
7739-LAXOG,4
9776-CLUJA,6
6034-ZRYCV,4
2079-FBMZK,9
6608-QQLVK,2
3551-HUAZH,6
6302-JGYRJ,3
3685-YLCMQ,10
8634-MPHTR,4
8761-NSOBC,2
8413-VONUO,8
9223-UCPVT,10
4351-QLCSU,8
5419-JPRRN,1
2100-BDNSN,10
0488-GSLFR,6
9318-NKNFC,1
9728-FTTVZ,6
7254-IQWOZ,7
2474-BRUCM,2
0742-NXBGR,9
6110-OHIHY,8
5889-LFOLL,9
5708-EVONK,10
8708-XPXHZ,4
0616-ATFGB,4
7016-BPGEU,8
6876-ADESB,1
1963-SVUCV,8
0220-EBGCE,7
2754-VDLTR,7
3190-XFANI,9
7551-DACSP,10
7235-NXZCP,7
0520-FDVVT,2
1444-VVSGW,1
5712-PTIWW,1
3315-TOTBP,7
6661-HBGWL,5
1518-VOWAV,4
5909-ECHUI,5
1309-BXVOQ,10
9317-WZPGV,10
2856-HYAPG,6
4488-PSYCG,10
3621-CEOVK,6
6906-ANDWJ,1
1031-IIDEO,2
5832-XKAES,3
4701-AHWMW,4
9210-IAHGH,6
0023-XUOPT,9
4592-IWTJI,2
7632-MNYOY,8
6518-LGAOV,9
7242-QZLXF,2
4576-CSAJH,9
1000-AJSLD,7
1062-LHZOD,9
9600-NAXZN,6
6457-USBER,2
4662-EKDPQ,8
9248-OJYKK,10
3398-FSHON,9
3319-DWOEP,8
9259-PACGQ,2
4415-IJZTP,8
1465-VINDH,3
2810-FTLEM,3
1925-TIBLE,9
0818-OCPZO,9
1447-GIQMR,9
0872-NXJYS,4
9412-ARGBX,7
1389-CXMLU,8
5561-NWEVX,5
2737-WFVYW,1
2272-QAGFO,9
9850-OWRHQ,6
3768-NLUBH,3
8676-TRMJS,3
7359-SSBJK,10
0685-MLYYM,1
8182-PNAGI,8
7957-RYHQD,2
2180-DXNEG,1
5515-AKOAJ,7
8976-OQHGT,9
6230-BSUXY,6
5294-CDGWY,8
5295-PCJOO,8
9863-JZAIC,9
7660-HDPJV,7
7931-PXHFC,9
3990-QYKBE,9
4919-MOAVT,1
3090-HAWSU,6
9820-RMCQV,8
7839-QRKXN,10
5204-QZXPU,9
4597-ELFTS,4
8450-JOVAH,2
1113-IUJYX,9
9274-CNFMO,9
7758-XKCBS,8
8992-JQYUN,3
0617-AQNWT,5
2446-PLQVO,2
3005-NFMTA,3
8784-CGILN,1
5389-FFVKB,4
8444-WRIDW,5
9451-LPGOO,2
5868-YWPDW,3
2025-JKFWI,6
4078-SAYYN,6
9940-HPQPG,7
6618-RYATB,9
9079-YEXQJ,4
2685-SREOM,5
0402-CQAJN,2
6692-UDPJC,6
1273-MTETI,4
5480-HPRRX,5
0295-PPHDO,7
1195-OIYEJ,6
5906-CVLHP,8
4501-EQDRN,6
2990-HWIML,10
7384-GHBPI,8
7603-USHJS,4
7234-FECYN,7
5876-HZVZM,3
1400-MMYXY,1
3085-QUOZK,9
3926-CUQZX,9
1041-RXHRA,6
1750-CSKKM,2
7142-HVGBG,8
8267-ZNYVZ,10
6457-GIRWB,6
1450-SKCVI,7
5570-PTWEH,1
6502-MJQAE,3
7693-LCKZL,1
0032-PGELS,10
6797-LNAQX,1
6394-MFYNG,1
1564-NTYXF,4
8155-IBNHG,7
0886-QGENL,7
8739-WWKDU,5
8685-WHQPW,6
4745-LSPLO,2
8083-YTZES,5
7240-FQLHE,7
6664-FPDAC,9
0786-VSSUD,6
3976-BWUCK,10
3585-ISXZP,4
6583-QGCSI,3
4174-LPGTI,9
2108-XWMPY,7
6304-IJFSQ,6
0093-XWZFY,7
1980-KXVPM,8
7703-ZEKEF,5
0723-DRCLG,3
5482-NUPNA,3
1122-JWTJW,2
1699-HPSBG,8
8775-CEBBJ,1
6894-LFHLY,8
0639-TSIQW,3
8361-LTMKD,9
7590-VHVEG,2
5575-GNVDE,10
7795-CFOCW,9
1452-KIOVK,6
6713-OKOMC,1
6388-TABGU,5
9763-GRSKD,10
7469-LKBCI,9
8091-TTVAX,6
5129-JLPIS,7
3655-SNQYZ,4
8191-XWSZG,1
9959-WOFKT,5
4183-MYFRB,2
1680-VDCWW,8
3638-WEABW,4
6322-HRPFA,1
6865-JZNKO,10
5248-YGIJN,7
3841-NFECX,2
4929-XIHVW,3
6827-IEAUQ,9
7310-EGVHZ,9
3413-BMNZE,2
6234-RAAPL,3
6572-ADKRS,9
8865-TNMNX,1
9489-DEDVP,2
9867-JCZSP,2
4671-VJLCL,10
4080-IIARD,3
3714-NTNFO,10
5948-UJZLF,3
7639-LIAYI,10
2954-PIBKO,2
8012-SOUDQ,8
6575-SUVOI,8
4667-QONEA,8
8769-KKTPH,2
5067-XJQFU,9
3957-SQXML,7
5954-BDFSG,5
0434-CSFON,7
1215-FIGMP,8
0526-SXDJP,9
0557-ASKVU,2
5122-CYFXA,6
8627-ZYGSZ,9
3410-YOQBQ,6
3170-NMYVV,2
7410-OIEDU,1
2273-QCKXA,3
0731-EBJQB,5
1891-QRQSA,7
8028-PNXHQ,10
5630-AHZIL,10
2673-CXQEU,3
6416-JNVRK,9
5590-ZSKRV,10
0191-ZHSKZ,4
3887-PBQAO,10
8108-UXRQN,2
9919-YLNNG,3
0318-ZOPWS,5
4445-ZJNMU,3
4808-YNLEU,5
1862-QRWPE,4
2796-NNUFI,10
3016-KSVCP,3
4767-HZZHQ,6
2424-WVHPL,8
7233-PAHHL,4
6067-NGCEU,9
9848-JQJTX,6
9803-FTJCG,5
3212-KXOCR,3
6380-ARCEH,5
3679-XASPY,5
7123-WQUHX,4
5386-THSLQ,6
6180-YBIQI,3
6728-DKUCO,10
9750-BOOHV,1
8597-CWYHH,7
2848-YXSMW,7
4549-ZDQYY,4
5712-AHQNN,9
5256-SKJGO,2
3071-VBYPO,1
9560-BBZXK,3
8402-OOOHJ,7
9445-ZUEQE,9
1091-SOZGA,2
2928-HLDBA,6
6497-TILVL,3
7219-TLZHO,5
4622-YNKIJ,9
6734-PSBAW,3
3930-ZGWVE,1
2639-UGMAZ,5
2876-GZYZC,1
8587-XYZSF,8
7799-LGRDP,7
7850-VWJUU,2
3774-VBNXY,9
6217-KDYWC,5
3146-MSEGF,7
1095-WGNGG,4
2636-SJDOU,1
1131-QQZEB,8
5716-EZXZN,1
6837-BJYDQ,3
6440-DKQGE,6
3466-BYAVD,8
3780-YVMFA,8
1679-JRFBR,2
9073-ZZIAY,9
3077-RSNTJ,4
6551-GNYDG,4
9167-APMXZ,2
2749-CTKAJ,1
6371-NZYEG,10
7554-NEWDD,7
8992-VONJD,10
4482-EWFMI,3
4648-YPBTM,4
2907-ILJBN,9
6345-FZOQH,6
5997-OPVFA,1
1159-WFSGR,9
7654-YWJUF,9
6727-IOTLZ,5
5918-VUKWP,8
1744-JHKYS,7
5947-SGKCL,8
3712-PKXZA,9
6582-OIVSP,2
5524-KHNJP,10
4827-USJHP,5
8167-GJLRN,8
0956-SYCWG,3
8017-UVSZU,6
7100-FQPRV,6
2984-RGEYA,7
9680-NIAUV,3
2146-EGVDT,8
2604-IJPDU,8
9178-JHUVJ,9
6168-YBYNP,8
7255-SSFBC,3
3645-DEYGF,6
9323-HGFWY,9
8544-GOQSH,1
3363-DTIVD,3
7018-WBJNK,2
9142-KZXOP,8
7674-YTAFD,6
6348-SNFUS,10
1347-KTTTA,8
4195-NZGTA,2
7157-SMCFK,6
4709-LKHYG,7
2504-DSHIH,8
0699-NDKJM,9
9286-BHDQG,5
0230-WEQUW,3
2040-LDIWQ,2
6496-JDSSB,8
4443-EMBNA,1
6469-MRVET,10
5961-VUSRV,6
6778-JFCMK,2
6341-JVQGF,3
4811-JBUVU,8
0945-TSONX,1
2651-ZCBXV,6
3316-UWXUY,3
7083-MIOPC,6
1984-GPTEH,3
0621-JFHOL,8
9903-LYSAB,5
9227-UAQFT,4
7301-ABVAD,9
6614-FHDBO,5
7576-ASEJU,4
9058-HRZSV,8
4522-AKYLR,8
0221-WMXNQ,8
0303-UNCIP,4
0959-WHOKV,1
4075-JFPGR,2
3282-ZISZV,4
3675-YDUPJ,10
4111-BNXIF,2
7017-VFHAY,10
6655-LHBYW,3
5046-NUHWD,9
7529-ZDFXI,9
7605-BDWDC,9
1950-KSVVJ,7
0123-CRBRT,4
6292-TOSSS,1
3197-ARFOY,3
7014-ZZXAW,8
7633-MVPUY,4
4716-HHKQH,10
3179-GBRWV,10
8645-KWHJO,2
4130-MZLCC,8
0314-TKOSI,7
8229-MYEJZ,10
2080-SRCDE,9
9577-WJVCQ,2
6202-DYYFX,5
3808-HFKDE,6
3727-OWVYD,2
2294-SALNE,2
4847-TAJYI,10
1563-IWQEX,4
8203-XJZRC,8
6556-DBKZF,5
6851-WEFYX,9
2985-JUUBZ,4
0895-LMRSF,3
8266-VBFQL,10
8181-YHCMF,8
2240-HSJQD,1
1248-DYXUB,9
4115-BNPJY,4
3167-SNQPL,9
4091-TVOCN,8
1098-TDVUQ,3
7277-OZCGZ,3
1557-EMYVT,9
2799-ARNLO,3
5027-YOCXN,4
3973-SKMLN,9
6745-JEFZB,4
9880-TDQAC,3
8705-WZCYL,7
7102-JJVTX,6
8626-PTQGE,1
4983-CLMLV,10
5701-YVSVF,8
5697-GOMBF,1
2739-CACDQ,4
9385-EHGDO,6
9498-FIMXL,6
2379-GYFLQ,7
2088-IEBAU,5
7982-VCELR,5
6035-BXTTY,4
6885-PKOAM,6
7520-HQWJU,7
9639-BUJXT,10
5924-SNGKP,10
0021-IKXGC,1
8966-SNIZF,9
6243-OZGFH,8
4654-DLAMQ,7
0513-RBGPE,9
5160-UXJED,3
4115-NZRKS,10
3351-NGXYI,4
8984-EYLLL,7
9833-TGFHX,6
9294-TDIPC,2
5229-DTFYB,2
0104-PPXDV,10
5176-LMJXE,7
3583-KRKMD,9
9069-LGEUL,9
7302-ZHMHP,7
9571-EDEBV,8
3520-FJGCV,10
6563-VRERX,3
6122-EFVKN,1
2805-EDJPQ,7
6862-CQUMB,8
7156-MXBJE,2
6158-HDPXZ,9
2863-IMQDR,4
5686-CMAWK,10
5651-CRHKQ,9
8204-YJCLA,3
6583-SZVGP,8
1708-PBBOA,2
8782-LKFPK,3
5522-JBWMO,1
3597-MVHJT,5
9774-NRNAU,4
0224-RLWWD,1
9967-ATRFS,10
3951-NJCVI,9
2977-CEBSX,6
0177-PXBAT,6
2519-ERQOJ,2
5876-QMYLD,7
2277-AXSDC,9
9442-JTWDL,6
3067-SVMTC,8
5495-GPSRW,5
7606-BPHHN,2
4742-DRORA,4
0111-KLBQG,1
4163-NCJAK,1
5233-AOZUF,6
5973-EJGDP,2
1996-DBMUS,6
7916-VCCPB,1
4686-GEFRM,10
5249-QYHEX,3
2233-FAGXV,9
5605-IYGFG,2
7663-ZTEGJ,8
3935-TBRZZ,6
8111-BKVDS,6
2055-SIFSS,7
2806-MLNTI,5
8734-DKSTZ,4
4360-PNRQB,6
6152-ONASV,8
7781-HVGMK,4
2181-UAESM,5
6048-NJXHX,7
2320-SLKMB,6
4980-URKXC,4
4376-KFVRS,4
5886-VLQVU,10
3577-AMVUX,4
0771-WLCLA,1
5628-RKIFK,5
0206-TBWLC,8
2937-FTHUR,7
1910-FMXJM,5
0732-OCQOC,3
5168-MSWXT,1
1090-ESELR,7
8592-PLTMQ,3
5760-WRAHC,4
8847-GEOOQ,5
4785-FCIFB,8
8313-NDOIA,7
5149-CUZUJ,9
0942-KOWSM,3
4237-CLSMM,10
1452-VOQCH,1
4719-UMSIY,1
6614-VBEGU,10
1480-BKXGA,1
2996-XAUVF,2
9076-AXYIK,2
5968-XQIVE,7
8896-RAZCR,9
4933-IKULF,8
1304-BCCFO,4
4104-PVRPS,2
3780-DDGSE,3
4431-EDMIQ,10
0486-LGCCH,5
4612-SSVHJ,9
5168-MQQCA,8
7971-HLVXI,3
9094-AZPHK,9
3649-JPUGY,10
4472-LVYGI,3
3552-CTCYF,10
6778-YSNIH,8
5756-OZRIO,1
6579-JPICP,4
4134-BSXLX,4
0505-SPOOW,6
4374-YMUSQ,2
4513-CXYIX,7
3957-HHLMR,5
7803-XOCCZ,10
5736-YEJAX,6
8981-FJGLA,6
1135-LMECX,6
4332-MUOEZ,10
8535-SFUTN,8
8677-HDZEE,10
2475-MROZF,4
3482-ABPKK,10
6705-LXORM,8
7531-GQHME,9
5174-ITUMV,4
4109-CYRBD,1
0913-XWSCN,3
0750-EBAIU,1
8606-CIQUL,7
3571-DPYUH,1
7601-GNDYK,4
0356-OBMAC,1
8067-NIOYM,2
1403-GYAFU,1
4234-XTNEA,5
1297-VQDRP,7
5348-CAGXB,3
0621-HJWXJ,8
5844-QVTAT,5
8905-IAZPF,5
5394-MEITZ,5
6859-QNXIQ,8
2782-LFZVW,2
2866-IKBTM,2
7129-AZJDE,8
2560-PPCHE,9
4676-MQUEA,10
8138-EALND,10
3580-HYCSP,2
1352-HNSAW,4
2075-PUEPR,8
1982-FEBTD,2
5791-KAJFD,4
2654-VBVPB,10
1154-HYWWO,1
2501-XWWTZ,2
3716-UVSPD,7
6815-ABQFQ,1
7343-EOBEU,1
3701-SFMUH,2
6103-LIANB,4
7319-VENRZ,7
5846-NEQVZ,4
6967-QIQRV,5
5781-RFZRP,4
0308-IVGOK,4
7293-LSCDV,9
7025-WCBNE,6
5756-JYOJT,3
6030-REHUX,6
9548-LIGTA,7
5150-LJNSR,7
8270-RKSAP,8
6522-YRBXD,4
2640-LYMOV,1
1423-BMPBQ,6
2393-DIVAI,8
4568-KNYWR,5
8752-IMQOS,3
0742-LAFQK,4
0795-LAFGP,8
0619-OLYUR,6
5512-IDZEI,5
0459-SPZHJ,9
0215-BQKGS,10
9244-ZVAPM,3
8208-EUMTE,7
5172-MIGPM,9
1710-RCXUS,4
0374-FIUCA,10
5839-SUYVZ,10
5173-ZXXXL,3
1096-ADRUX,1
2001-MCUUW,9
2731-GJRDG,1
4723-BEGSG,2
6516-NKQBO,9
8672-OAUPW,5
8207-DMRVL,4
2804-ETQDK,9
6689-VRRTK,9
7138-GIRSH,2
9396-ZSFLL,3
6464-KEXXH,3
7134-MJPDY,5
5240-CAOYT,3
4059-IIEBK,10
4881-JVQOD,6
0516-UXRMT,2
4851-BQDNX,6
5148-HKFIR,6
3003-CMDUU,2
5016-IBERQ,6
6797-UCJHZ,6
2469-DTSGX,6
9931-KGHOA,5
1775-KWJKQ,7
7665-VIGUD,5
9411-TPQQV,1
7954-MLBUN,9
2077-DDHJK,3
9574-BOSMD,2
4908-XAXAY,10
8404-VLQFB,6
2391-IPLOP,8
3509-GWQGF,2
5845-BZZIB,4
1140-UKVZG,2
5183-SNMJQ,9
8100-PNJMH,10
7838-LAZFO,2
2085-JVGAD,10
8095-WANWK,2
3030-ZKIWL,5
9565-FLVCG,5
8755-OGKNA,7
2800-VEQXM,1
5533-RJFTJ,2
0214-JHPFW,6
5642-MHDQT,2
3088-FVYWK,4
9092-GDZKO,10
3729-OWRVL,6
2324-AALNO,7
5760-IFJOZ,10
2826-UWHIS,5
7501-IWUNG,8
4957-TREIR,6
7251-LJBQN,5
8040-MNRTF,4
1536-HBSWP,6
5313-FPXWG,6
0946-FKYTX,6
5076-YVXCM,1
8262-COGGB,6
6663-JOCQO,1
9620-QJREV,5
2682-KEVRP,7
2480-JZOSN,1
0078-XZMHT,1
9978-HYCIN,6
8338-QIUNR,7
1525-LNLOJ,6
9450-TRJUU,5
1766-GKNMI,6
6942-LBFDP,3
1456-TWCGB,9
7596-ZYWBB,5
8329-UTMVM,2
3014-WJKSM,10
3347-YJZZE,10
7929-DMBCV,7
9661-JALZV,3
5433-KYGHE,1
4312-KFRXN,3
5575-TPIZQ,9
0114-IGABW,5
9944-AEXBM,7
1853-ARAAQ,3
6952-OMNWB,4
4697-LUPSU,1
8434-VGEQQ,3
6549-YMFAW,7
4950-HKQTE,4
6786-OBWQR,2
2753-JMMCV,5
6621-YOBKI,5
1216-JWVUX,2
7564-GHCVB,6
1173-NOEYG,10
7595-EHCDL,4
6647-ZEDXT,1
2521-NPUZR,3
1307-TVUFB,9
7503-MIOGA,10
4381-MHQDC,7
6923-JHPMP,6
4018-PPNDW,1
1635-FJFCC,9
2499-AJYUA,9
6919-ELBGL,1
3966-HRMZA,6
6425-JWTDV,7
8405-IGQFX,2
8224-IVVPA,10
9477-LGWQI,8
1410-RSCMR,8
3115-CZMZD,6
0139-IVFJG,9
5730-DBDSI,3
0030-FNXPP,2
5684-FJVYR,2
4013-GUXND,6
1266-NZYUI,7
7969-FFOWG,6
4718-DHSMV,3
5175-WLYXL,5
7817-OMJNA,8
8728-SKJLR,6
3137-NYQQI,2
7706-DZNKK,7
8823-RLPWL,8
9505-SQFSW,4
3758-CKOQL,1
5676-CFLYY,2
7521-AFHAB,4
0285-INHLN,7
5125-CNDSP,2
4992-LTJNE,6
2202-OUTMO,2
0810-BDHAW,7
0229-LFJAF,2
7131-ZQZNK,3
3442-ZHHCC,9
5726-CVNYA,4
9871-ELEYA,5
4257-GAESD,9
5173-WXOQV,7
2040-OBMLJ,8
6286-ZHAOK,3
3807-XHCJH,4
5671-RQRLP,7
8859-AXJZP,4
3174-AKMAS,2
9926-PJHDQ,10
7382-DFJTU,6
2798-NYLMZ,9
8098-TDCBU,2
3551-GAEGL,1
4785-NKHCX,8
3196-NVXLZ,1
0036-IHMOT,1
4178-EGMON,3
4220-TINQT,5
5318-YKDPV,9
7975-TZMLR,10
0295-QVKPB,2
4335-BSMJS,1
9146-JRIOX,1
5337-IIWKZ,8
9650-VBUOG,10
3487-EARAT,10
2672-TGEFF,10
4250-WAROZ,2
8184-WMOFI,9
6092-QZVPP,9
4625-LAMOB,2
0392-BZIUW,3
6549-NNDYT,2
0422-OHQHQ,6
6916-HIJSE,7
2316-ESMLS,6
9778-OGKQZ,3
7408-OFWXJ,3
6007-TCTST,2
2252-NKNSI,2
8713-IGZSO,5
7905-TVXTA,8
7695-PKLCZ,6
8374-UULRV,9
3224-DFQNQ,5
5275-PMFUT,10
4795-UXVCJ,4
9777-IQHWP,9
0979-MOZQI,10
2732-ISEZX,5
0323-XWWTN,1
1937-OTUKY,5
1573-LGXBA,5
1764-VUUMT,5
4713-ZBURT,2
3050-GBUSH,6
7876-AEHIG,5
7945-HLKEA,2
9342-VNIMQ,10
3523-BRGUW,8
3199-NPKCN,6
5170-PTRKA,10
4661-NJEUX,3
2123-AGEEN,9
1258-YMZNM,4
0048-LUMLS,3
5898-IGSLP,7
6259-WJQLC,8
7997-EASSD,7
0730-KOAVE,1
8975-SKGRX,1
0678-RLHVP,5
2267-FPIMA,8
1051-GEJLJ,10
5285-MVEHD,3
0379-DJQHR,8
5543-QDCRY,3
0297-RBCSG,4
4694-PHWFW,10
0835-JKADZ,7
7508-SMHXL,3
3865-YIOTT,4
5993-BQHEA,8
6024-RUGGH,4
3956-CJUST,9
4079-WWQQQ,4
6103-BOCOU,4
5149-TGWDZ,5
7471-WNSUF,1
8942-DBMHZ,7
4301-VVZKA,9
9199-PWQVC,9
4824-GUCBY,1
5393-HJZSM,6
0862-PRCBS,3
8812-ZRHFP,4
5146-CBVOE,8
0454-OKRCT,4
5787-KXGIY,8
4198-VFOEA,4
6630-UJZMY,9
5709-LVOEQ,6
2692-AQCPF,1
0347-UBKUZ,10
0835-DUUIQ,2
0811-GSDTP,7
7567-ECMCM,10
6115-ZTBFQ,7
6353-BRMMA,3
6231-WFGFH,1
9904-EHEVJ,8
6169-PPETC,10
8584-KMVXD,10
8467-WYNSR,7
0851-DFJKB,10
5382-SOYZL,8
3261-CQXOL,1
8388-FYNPZ,3
4002-BQWPQ,2
5651-YLPRD,1
2826-DXLQO,5
4378-BZYFP,3
9489-UTFKA,10
4849-PYRLQ,8
7764-BDPEE,6
3429-IFLEM,10
5002-GCQFH,9
0556-FJEGU,9
0604-THJFP,6
5879-SESNB,2
6461-PPAXN,9
3318-ISQFQ,2
1106-HRLKZ,3
2483-XSSMZ,6
8165-ZJRNM,2
2604-XVDAM,5
3717-OFRTN,2
9046-JBFWA,4
3280-NMUVX,3
1206-EHBDD,5
8361-LBRDI,6
4883-KCPZJ,7
9108-EQPNQ,10
7277-KAMWT,8
2545-LXYVJ,9
3234-VKACU,4
8120-JDCAM,4
8917-FAEMR,7
7047-YXDMZ,10
2858-EIMXH,10
6419-ZTTLE,9
0929-HYQEW,2
6614-YOLAC,6
7426-RHZGU,10
4065-JJAVA,10
7649-SIJJF,8
9361-YNQWJ,5
3748-FVMZZ,5
9391-TTOYH,8
1452-XRSJV,1
3422-WJOYD,6
8242-SOQUO,10
7460-ITWWP,9
7147-AYBAA,6
7868-TMWMZ,7
6732-FZUGP,4
8329-GWVPJ,10
1352-VHKAJ,1
2632-TACXW,9
8146-QQKZH,6
1767-CJKBA,3
6445-TNRXS,4
4581-LNWUM,10
4869-EPIUS,6
1915-OAKWD,6
7296-PIXQY,9
3354-OADJP,4
3524-WQDSG,5
0810-DHDBD,5
4026-SKKHW,3
2829-HYVZP,2
3845-JHAMY,8
7013-PSXHK,10
3486-NPGST,9
6100-FJZDG,10
4829-ZLJTK,9
1730-VFMWO,5
7143-BQIBA,9
3800-LYTRK,4
9646-NMHXE,2
7030-NJVDP,3
8883-GRDWQ,1
7771-ZONAT,5
2111-DWYHN,1
4194-WHFCB,1
4121-AGSIN,7
9845-PEEKO,2
0455-XFASS,8
0301-KOBTQ,6
1751-NCDLI,4
4367-NUYAO,9
9170-ARBTB,10
7241-AJHFS,8
4546-FOKWR,10
9036-CSKBW,3
5832-TRLPB,3
8590-YFFQO,4
8659-IOOPU,9
1338-CECEE,9
7439-DKZTW,5
4646-QZXTF,9
9742-XOKTS,6
6921-OZMFH,8
9578-FOMUK,8
4712-UYOOI,10
7722-CVFXN,7
8717-VCTXJ,4
7363-QTBIW,4
4159-NAAIX,6
0971-QIFJK,9
9397-TZSHA,7
3391-JSQEW,5
0343-QLUZP,5
2176-LVPNX,8
3312-UUMZW,6
1271-UODNO,1
8461-EFQYM,1
6900-RBKER,9
6891-JPYFF,8
1459-QNFQT,6
1047-NNCBF,1
3696-XRIEN,2
0074-HDKDG,10
8791-GFXLZ,3
9330-DHBFL,10
0098-BOWSO,3
3452-ABWRL,2
5859-HZYLF,2
3156-QLHBO,6
2208-NQBCT,7
1779-PWPMG,4
6621-NRZAK,1
0831-JNISG,6
0774-IFUVM,7
3082-WQRVY,4
9553-DLCLU,6
1641-BYBTK,9
2460-NGXBJ,4
2446-ZKVAF,10
3522-CDKHF,4
1430-SFQSA,10
0411-EZJZE,5
8807-ARQET,3
8992-CEUEN,10
4320-QMLLA,2
8777-PVYGU,9
8292-ITGYJ,1
6870-ZWMNX,5
0621-CXBKL,5
5268-DSMNQ,8
5334-JLAXU,6
6242-MBHPK,6
9359-UGBTK,6
4782-OSFXZ,4
6479-OAUSD,1
7129-ACFOG,3
4189-NAKJS,10
5562-BETPV,6
1282-IHQAC,5
9127-FHJBZ,10
1641-RQDAY,1
6994-ORCWG,5
1346-UFHAX,2
2933-XEUJM,1
5461-QKNTN,4
4835-YSJMR,6
3164-YAXFY,7
0887-WBJVH,9
4660-IRIBM,5
7670-ZBPOQ,8
8089-UZWLX,8
0080-OROZO,9
3916-NRPAP,3
6807-SIWJI,3
8221-HVAYI,9
5232-NXPAY,7
8967-SZQAS,4
4468-KAZHE,1
0455-ENTCR,7
8944-AILEF,10
5542-NKVRU,6
7126-RBHSD,3
5370-IIVVL,5
6789-HJBWG,3
9087-EYCPR,8
6791-YBNAK,5
6077-BDPXA,10
0013-MHZWF,10
8268-YDIXR,6
4291-SHSBH,2
6980-IMXXE,8
0040-HALCW,9
0784-GTUUK,3
2294-DMMUS,6
0872-JCPIB,6
3055-MJDSB,2
9091-WTUUY,10
7115-IRDHS,8
8496-DMZUK,5
2040-VZIKE,8
9068-VPWQQ,8
0178-SZBHO,3
0384-RVBPI,5
1299-AURJA,7
4525-VZCZG,5
1543-LLLFT,6
2788-CJQAQ,2
0319-QZTCO,8
2120-SMPEX,5
0096-FCPUF,6
0668-OGMHD,1
6507-ZJSUR,10
9408-HRXRK,2
5593-SUAOO,4
6766-HFKLA,9
7617-EYGLW,6
9220-ZNKJI,8
2226-ICFDO,2
0723-VSOBE,10
5529-GIBVH,5
9992-UJOEL,1
4741-WWJQZ,4
6625-UTXEW,10
6244-BESBM,1
1004-NOZNR,9
1251-STYSZ,2
2612-PHGOX,7
8480-PPONV,3
8780-IHCRN,2
4598-ZADCK,4
1257-SXUXQ,7
9681-KYGYB,7
7182-OVLBJ,9
5095-ETBRJ,3
7005-CYUIL,7
4821-WQOYN,6
4730-AWNAU,10
3452-FLHYD,7
2388-LAESQ,7
9531-NSBMR,10
6260-ONULR,5
4389-UEFCZ,9
8711-LOBKY,7
8985-OOPOS,7
8800-ZKRFW,3
2616-FLVQC,1
9968-FFVVH,5
3108-PCCGG,8
8390-FESFV,5
3022-BEXHZ,10
6248-TKCQV,3
6729-GDNGC,9
6198-ZFIOJ,2
5989-OMNJE,3
1291-CUOCY,4
9795-SHUHB,10
3230-IUALN,1
0042-RLHYP,4
4945-RVMTE,4
1866-NXPSP,9
3941-XTSKM,8
1661-CZBAU,2
5158-RIVOP,7
9788-YTFGE,6
9277-JOOMO,7
1907-YLNYW,4
8947-YRTDV,5
3161-ONRWK,6
0114-RSRRW,9
4565-NLZBV,2
6682-VCIXC,9
6475-VHUIZ,10
3910-MRQOY,1
0661-WCQNQ,4
7537-RBWEA,5
4656-CAURT,9
0121-SNYRK,6
3733-LSYCE,4
6265-FRMTQ,2
1371-DWPAZ,5
2017-CCBLH,8
7690-KPNCU,8
0536-BGFMZ,6
2293-IJWPS,1
5469-NUJUR,8
2625-TRCZQ,4
4102-HLENU,2
7266-GSSJX,1
7722-VJRQD,7
7073-QETQY,2
5624-RYAMH,4
0196-JTUQI,4
7130-YXBRO,10
9272-LSVYH,1
3084-DOWLE,2
1084-MNSMJ,1
4238-HFHSN,6
6250-CGGUN,3
5478-JJVZK,1
7596-IIWYC,8
9793-WECQC,4
4291-HPAXL,10
8999-YPYBV,7
1839-FBNFR,10
3071-MVJCD,2
1697-BCSHV,6
0562-KBDVM,6
1131-SUEKT,7
3717-OEAUQ,1
4538-WNTMJ,1
9432-RUVSL,2
8060-HIWJJ,2
7684-XSZIY,5
9089-UOWJG,1
8039-ACLPL,2
9885-AIBVB,6
1934-MKPXS,3
2592-YKDIF,4
2272-JKMSI,1
8714-CTZJW,5
3569-EDBPQ,4
3131-NWVFJ,8
7521-YXVZY,3
2373-NTKOD,10
1970-KKFWL,1
9337-SRRNI,10
0895-UADGO,5
5678-VFNEQ,1
5977-CKHON,5
2692-BUCFV,9
1830-GGFNM,5
5302-BDJNT,2
5223-UZAVK,2
4859-ZSRDZ,10
5651-WYIPH,9
9350-VLHMB,5
3498-LZGQZ,8
8785-CJSHH,10
3870-SPZSI,4
7560-QRBXH,2
7077-XJMET,4
8752-GHJFU,4
6896-SRVYQ,9
4652-ODEVH,10
6510-UPNKS,6
6718-BDGHG,10
9046-DQMTP,6
6439-LAJXL,5
9052-VKDUW,6
1666-JZPZT,1
5777-KJIRB,5
7677-SJJJK,6
2480-EJWYP,8
3253-HKOKL,4
7055-HNEOJ,5
5514-YQENT,4
3211-AAPKX,7
8445-DNBAE,10
2958-NHPPS,6
6806-YDEUL,4
1735-XMJVH,6
6890-PFRQX,4
0222-CNVPT,8
5899-OUVKV,3
8681-ICONS,8
1621-YNCJH,2
6362-QHAFM,6
3070-BDOQC,8
6234-PFPXL,1
9824-QCJPK,6
4283-IVYCI,9
1866-OBPNR,10
8205-MQUGY,10
8970-ANWXO,2
9480-BQJEI,1
6979-TNDEU,2
9777-WJJPR,5
9495-SKLKD,6
6048-UWKAL,1
5067-DGXLL,7
6281-FKEWS,4
8898-KASCD,9
9242-TKFSV,6
9290-SHCMB,9
0743-HNPFG,1
2277-BKJKN,4
5035-PGZXH,2
8695-WDYEA,6
6543-JXSOO,4
8016-ZMGMO,9
8605-ITULD,3
6416-YJTTB,1
4472-VESGY,1
3195-TQDZX,9
3128-YOVTD,9
1728-CXQBE,5
7041-TXQJH,2
5014-GSOUQ,9
5724-BIDBU,8
0481-SUMCB,10
1769-GRUIK,10
8819-WFGGJ,6
7427-AUFPY,7
2811-POVEX,6
7898-PDWQE,5
9972-EWRJS,4
9314-IJWSQ,7
5799-JRCZO,4
1921-KYSAY,10
6198-RTPMF,10
2924-KHUVI,10
1925-GMVBW,9
6184-DYUOB,5
9207-ZPANB,8
9327-QSDED,6
1656-DRSMG,4
3012-VFFMN,3
2984-AFWNC,6
0640-YJTPY,1
8096-LOIST,2
9764-REAFF,7
7107-UBYKY,4
4881-GQJTW,5
7876-DNYAP,10
7905-NJMXS,1
2882-WDTBA,2
2091-GPPIQ,4
5071-FBJFS,8
2796-UUZZO,10
2429-AYKKO,4
9798-OPFEM,3
3794-NFNCH,3
5193-QLVZB,5
7114-AEOZE,3
5522-NYKPB,8
9957-YODKZ,5
6518-KZXCB,7
2245-ADZFJ,8
7776-QGYJC,5
9313-QOLTZ,8
4672-FOTSD,3
9818-XQCUV,7
7338-ERIVA,8
8259-NFJTV,7
3223-DWFIO,2
6968-GMKPR,8
4751-ERMAN,6
1436-ZMJAN,10
3292-PBZEJ,3
0799-DDIHE,4
3070-FNFZQ,7
2812-SFXMJ,3
5014-WUQMG,1
5312-TSZVC,6
0993-OSGPT,3
7108-DGVUU,10
2782-JEEBU,6
5127-BZENZ,10
2720-FVBQP,3
9906-NHHVC,6
4522-XRWWI,4
3766-EJLFL,4
5939-SXWHM,10
8152-UOBNY,10
7351-KYHQH,2
7643-RCHXS,4
8246-SHFGA,4
0620-XEFWH,7
6485-QXWWE,5
7321-VGNKU,8
5327-CNLUQ,7
7552-KEYGT,10
5816-JMLGY,9
2927-QRRQV,8
6265-SXWBU,9
7941-RCJOW,1
6374-NTQLP,10
2387-KDZQY,3
3584-WKTTW,5
3399-BMLVW,9
1971-DTCZB,8
3374-PZLXD,10
3813-DHBBB,7
2812-REYAT,2
6518-PPLMZ,6
4939-KYYPY,4
5930-GBIWP,5
6022-KOUQO,5
2361-UPSND,4
6035-RIIOM,4
9504-DSHWM,4
5035-BVCXS,2
6267-DCFFZ,1
3533-UVMOM,2
2439-LYPMQ,7
1478-VPOAD,1
9995-HOTOH,6
2988-PLAHS,4
1371-OJCEK,2
4999-IEZLT,3
8883-ANODQ,7
2351-RRBUE,6
5980-BDHPY,6
1498-DQNRX,8
9469-WEJBT,8
2581-VKIRT,6
7426-WEIJX,1
2851-MMUTZ,10
3307-TLCUD,7
6625-FLENO,8
2967-MXRAV,5
8189-HBVRW,4
4163-KIUHY,7
3500-NSDOA,6
1171-TYKUR,6
3761-FLYZI,3
1219-NNDDO,10
8388-DMKAE,4
4403-BWPAY,5
9659-QEQSY,9
5405-ZMYXQ,8
1442-OKRJE,3
4737-AQCPU,6
2808-CHTDM,10
0793-TWELN,1
3283-WCWXT,3
1060-ENTOF,10
0999-QXNSA,7
5451-MHQOF,7
4836-WNFNO,2
9225-BZLNZ,3
0354-VXMJC,7
4422-QVIJA,6
9365-SRSZE,7
8332-OSJDW,10
4735-BJKOU,9
0274-JKUJR,8
5740-YHGTW,6
8917-SZTTJ,4
1696-MZVAU,10
7359-WWYJV,9
4906-ZHGPK,7
3795-GWTRD,5
1298-PHBTI,2
6223-DHJGV,9
6961-MJKBO,7
8158-WPEZG,9
4918-FYJNT,9
0727-BNRLG,10
4854-CIDCF,5
3280-MRDOF,7
6435-SRWBJ,5
9964-WBQDJ,3
6303-KFWSL,10
1702-CCFNJ,8
8932-CZHRQ,8
0386-CWRGM,9
5515-RUGKN,6
0404-AHASP,2
7279-NMVJC,3
2081-VEYEH,10
6407-UTSLV,6
9060-HJJRW,1
2587-YNLES,2
7398-SKNQZ,8
5935-FCCNB,8
1958-RNRKS,6
5136-RGMZO,3
8345-MVDYC,2
8226-BXGES,6
9705-IOVQQ,1
1015-OWJKI,10
2040-XBAVJ,6
8887-IPQNC,9
8646-JCOMS,7
1222-KJNZD,9
0106-GHRQR,2
3768-VHXQO,5
8952-WCVCD,9
2418-TPEUN,7
3963-RYFNS,9
8540-ZQGEA,6
1320-REHCS,7
4137-JOPHL,10
7801-CEDNV,5
2057-BOYKM,6
3658-QQJYD,1
1803-BGNBD,1
0134-XWXCE,2
6950-TWMYB,4
5848-FHRFC,9
2243-FNMMI,7
2511-MORQY,6
5356-KZCKT,1
9470-XCCEM,5
6519-CFDBX,4
3902-MIVLE,5
0409-WTMPL,9
8763-KIAFH,3
3669-WHAFY,4
3055-VTCGS,8
3144-KMTWZ,3
2007-QVGAW,3
5207-PLSTK,9
2307-FYNNL,5
5605-XNWEN,10
2155-AMQRX,1
6181-AXXYF,7
5091-HFAZW,7
2519-LBNQL,6
8623-ULFNQ,6
1568-LJSZU,3
7789-HKSBS,3
7416-CKTEP,10
2586-CWXVV,9
2348-KCJLT,1
8401-EMUWF,7
4193-IBKSW,10
5377-NDTOU,7
2474-LCNUE,8
0839-QNXME,6
3506-OVLKD,8
6650-VJONK,1
2178-PMGCJ,1
7492-TAFJD,9
2773-MADBQ,4
6016-LVTJQ,3
7860-KSUGX,6
8966-KZXXA,10
5149-QYTTU,9
2070-XYMFH,10
2085-BOJKI,4
0817-HSUSE,9
5442-PPTJY,5
1927-QEWMY,7
1663-MHLHE,3
5663-QBGIS,3
4450-MDZFX,3
6701-DHKWQ,8
7554-AKDQF,6
0794-YVSGE,9
5423-BHIXO,9
6908-VVYHM,8
2959-EEXWB,1
1839-UMACK,6
3030-YDNRM,4
7321-KKSDU,4
3402-XRIUO,3
8286-AFUYI,9
8356-WUAOJ,2
8058-DMYRU,1
9350-ZXYJC,10
8958-JPTRR,3
6959-GQEGV,4
3173-WSSUE,4
1265-HVPZB,6
4115-UMJFQ,1
7369-TRPFD,1
1098-KFQEC,2
7190-XHTWJ,4
3537-RYBHH,7
5296-BFCYD,6
9359-JANWS,9
3279-DYZQM,7
0523-VNGTF,5
9575-IWCAZ,6
7105-MXJLL,10
7064-FRRSW,9
7940-UQQUG,1
3961-SXAXY,9
7010-BRBUU,6
3566-HJGPK,4
3062-ICYZQ,5
9938-PRCVK,1
0973-KYVNF,7
5129-HHMZC,8
9637-CDTKZ,5
3946-JEWRQ,2
7873-CVMAW,8
0463-WZZKO,10
4524-QCSSM,7
5832-EXGTT,10
2039-JONDJ,9
7217-JYHOQ,4
6695-FRVEC,9
9894-QMIMJ,4
8069-YQQAJ,3
1636-NTNCO,3
3466-WAESX,10
9281-PKKZE,2
3638-VBZTA,10
7459-IMVYU,3
8563-OYMQY,8
0754-EEBDC,8
5777-ZPQNC,2
1951-IEYXM,2
3318-NMQXL,2
1022-RKXDR,10
2361-FJWNO,7
2272-UOINI,6
8232-UTFOZ,1
3750-YHRYO,2
6637-KYRCV,1
5668-MEISB,7
0129-QMPDR,6
7188-CBBBA,2
5356-CSVSQ,2
3221-CJMSG,2
3219-JQRSL,8
2801-NISEI,7
4623-ZKHLY,1
6732-VAILE,4
8201-AAXCB,4
7696-CFTAT,7
1845-CSBRZ,2
2123-VSCOT,4
2018-QKYGT,1
2792-VPPET,4
7409-JURKQ,1
3247-MHJKM,2
1964-SVLEA,2
7297-DVYGA,10
2239-CGBUZ,3
0854-UYHZD,8
7243-LCGGZ,6
8267-KFGYD,6
4890-VMUAV,9
9261-WDCAF,8
3764-MNMOI,2
7442-YGZFK,6
8229-BUJHX,1
7449-HVPIV,9
5504-WSIUR,4
8466-PZBLH,4
8735-IJJEG,9
0564-MUUQK,3
0701-RFGFI,5
0019-EFAEP,1
5619-PTMIK,6
3737-XBQDD,3
5882-CMAZQ,1
5846-QFDFI,10
4445-KWOKW,6
3511-APPBJ,10
7967-HYCDE,2
2430-RRYUW,8
3723-BFBGR,2
5447-WZAFP,4
5110-CHOPY,3
4425-OWHWB,9
7892-QVYKW,2
9675-ICXCT,3
4703-MQYKT,7
5692-ICXLW,4
0602-DDUML,6
2208-MPXIO,3
1960-UYCNN,1
3190-FZATL,6
7336-RLLRH,4
7710-JSYOA,2
9885-MFVSU,7
0607-MVMGC,10
3365-SAIGS,5
8022-BECSI,6
9993-LHIEB,6
0266-CLZKZ,9
7020-OZKXZ,2
3977-QCRSL,6
0017-DINOC,9
7639-OPLNG,4
1492-QGCLU,6
7328-OWMOM,7
4418-LZMSV,1
5155-AZQPB,5
1087-GRUYI,4
2546-KZAAT,10
0181-RITDD,2
5989-PGKJB,2
8272-ONJLV,2
1488-PBLJN,7
0308-GIQJT,4
3778-FOAQW,6
4452-ROHMO,7
3090-LETTY,9
5349-AZPEW,2
9720-JJJOR,10
8100-HZZLJ,9
8775-ERLNB,5
8309-IEYJD,6
7398-HPYZQ,6
3546-GHEAE,3
7361-YPXFS,10
6557-BZXLQ,7
2550-QHZGP,7
7519-JTWQH,8
2538-OIMXF,5
8543-MSDMF,2
1170-SASML,3
4872-JCVCA,9
5346-BZCHP,6
2038-LLMLM,8
1216-BGTSP,8
4138-NAXED,5
0744-BIKKF,1
7483-IQWIB,6
5248-KWLAR,7
7996-MHXLW,9
7833-PKIHD,2
7061-OVMIM,2
5153-RTHKF,10
1852-QSWCD,1
4832-VRBMR,5
9079-LWTFD,2
3392-EHMNK,3
5986-WWXDV,2
3061-BCKYI,4
7901-TBKJX,3
7228-PAQPD,9
7746-QYVCO,10
5804-HYIEZ,2
9919-FZDED,7
5934-TSSAU,3
3486-KHMLI,10
6784-XYJAE,8
3933-DQPWX,4
6661-EIPZC,4
8957-THMOA,9
2251-PYLPB,3
5555-RNPGT,7
1057-FOGLZ,1
8087-LGYHQ,7
4137-BTIKL,10
2190-BCXEC,2
6227-FBDXH,6
2911-WDXMV,9
7206-PQBBZ,6
4547-FZJWE,3
7422-WNBTY,1
0842-IWYCP,4
3521-HTQTV,4
3744-ZBHON,8
3373-DIUUN,10
8383-SGHJU,10
7607-QKKTJ,7
7707-PYBBH,10
8984-HPEMB,7
4139-DETXS,7
9779-DPNEJ,2
9805-FILKB,9
5793-YOLJN,6
0673-IGUQO,2
4123-FCVCB,1
8819-IMISP,1
8311-UEUAB,1
5858-EAFCZ,4
1163-ONYEY,4
5656-MJEFC,9
6082-OQFBA,1
8974-OVACP,3
4010-YLMVT,3
1379-FRVEB,8
8612-GXIDD,2
6288-CHQJB,6
8160-HOWOX,4
6648-INWPS,10
4223-BKEOR,6
4079-VTGLK,5
1763-WQFUK,9
1391-UBDAR,9
8894-JVDCV,1
2023-VQFDL,3
1345-GKDZZ,1
2014-MKGMH,6
5628-FCGYG,3
2560-WBWXF,1
0248-IPDFW,6
7978-DKUQH,5
4335-UPJSI,8
1784-EZDKJ,2
9297-FVVDH,8
8007-YYPWD,5
7101-HRBLJ,8
6635-CPNUN,10
5453-YBTWV,4
5039-LZRQT,4
2931-VUVJN,10
6418-PIQSP,4
8220-OCUFY,6
3995-WFCSM,4
1895-QTKDO,9
2038-OEQZH,9
1178-PZGAB,3
2626-VEEWG,7
2878-RMWXY,5
1657-DYMBM,9
7311-MQJCH,2
7375-WMVMT,3
1136-XGEQU,10
2530-FMFXO,5
6844-DZKRF,5
5970-GHJAW,10
8879-XUAHX,7
3689-MOZGR,8
4195-PNGZS,8
5003-XZWWO,1
7622-FWGEW,1
6922-NCEDI,3
9891-NQDBD,1
6131-IUNXN,1
8548-AWOFC,10
9798-DRYDS,8
8532-UEFWH,1
6296-DDOOR,9
7951-VRDVK,2
4815-YOSUK,9
0380-NEAVX,7
4365-MSDYN,9
7036-TYDEC,3
5802-ADBRC,1
8076-FEZKJ,1
5197-YPYBZ,10
4312-GVYNH,6
8495-LJDFO,7
0839-JTCUD,9
5494-WOZRZ,6
1302-UHBDD,5
2234-EOFPT,2
8619-IJNDK,2
8378-LKJAF,8
1153-GNOLC,1
3298-QEICA,8
0788-DXBFY,10
3597-YASZG,7
3496-LFSZU,7
5242-UOWHD,5
6479-SZPLM,3
8097-VBQTZ,7
4500-HKANN,7
9917-KWRBE,7
3420-ZDBMA,2
2212-LYASK,3
1393-IMKZG,3
8069-RHUXK,4
3398-GCPMU,9
2908-WGAXL,10
3378-AJRAO,1
1013-QCWAM,7
6050-FFXES,7
0362-RAOQO,4
9554-DFKIC,1
5527-ACHSO,3
0829-DDVLK,5
1399-UBQIU,2
1813-JLKWR,7
0336-PIKEI,10
7322-OCWHC,10
9537-VHDTA,7
4957-TIALW,10
2054-PJOCK,5
9150-HEPMB,10
9030-QGZNL,6
3126-WQMGH,1
7176-WRTNX,4
5732-IKGQH,4
9239-GZHZE,8
7205-BAIAD,2
0093-EXYQL,1
8064-RAVOH,7
0219-QAERP,6
9168-INPSZ,5
0015-UOCOJ,8
5334-AFQJB,2
2754-SDJRD,2
8963-JLGJT,9
1465-LNTLJ,1
2135-DQWAQ,6
4056-QHXHZ,3
7401-JIXNM,5
9339-FIIJL,8
4706-DGAHW,7
6670-MFRPK,4
6177-PEVRA,8
4813-HQMGZ,10
7579-KKLOE,2
8402-EIVQS,7
4947-DSMXK,5
7245-NIIWQ,6
0002-ORFBO,3
3324-OIRTO,10
5414-OFQCB,7
4967-WPNCF,7
8552-OBVRU,2
8499-BRXTD,1
9154-QDGTH,10
8197-BFWVU,2
2577-GVSIL,8
9367-OIUXP,10
6770-UAYGJ,3
6463-HHXJR,4
7928-VJYAB,8
1187-WILMM,3
9776-OJUZI,6
1306-RPWXZ,2
3097-PYWXL,3
2266-SJNAT,1
0869-PAPRP,9
4238-JSSWH,4
2972-YDYUW,6
1104-FEJAM,7
2809-ILCYT,2
5499-ECUTN,8
4981-FLTMF,9
9121-PHQSR,10
3113-IWHLC,2
4277-BWBML,5
0234-TEVTT,2
4304-TSPVK,5
1552-AAGRX,7
2637-FKFSY,6
9796-MVYXX,4
7874-ECPQJ,2
0020-INWCK,7
7089-RKVSZ,10
2683-JXWQQ,9
9548-ZMVTX,1
8739-XNIKG,3
9755-JHNMN,7
3981-QSVQI,9
2789-HQBOU,5
9424-CMPOG,7
5067-WJEUN,10
3450-WXOAT,7
9251-WNSOD,4
6974-DAFLI,5
2616-UUTFK,2
7064-JHXCE,8
7989-AWGEH,1
4373-VVHQL,2
4559-UWIHT,3
7268-IGMFD,7
6650-BWFRT,6
9570-KYEUA,7
6993-YGFJV,5
2712-SYWAY,4
0730-BGQGF,7
5498-IBWPI,3
9101-NTIXF,10
0013-SMEOE,7
9314-QDMDW,2
9308-ANMVE,8
3413-DHLPB,6
7649-PHJVR,3
6114-TCFID,3
3787-TRIAL,5
2573-GYRUU,3
5156-UMKOW,6
1247-QBVSH,2
6734-GMPVK,8
9822-OAOVB,9
6161-ERDGD,7
1226-JZNKR,3
7318-EIVKO,10
3771-PZOBW,4
8231-BSWXX,10
6486-LHTMA,2
4083-BFNYK,9
7389-KBFIT,5
7176-WIONM,2
5141-ZUVBH,10
1089-HDMKP,6
7623-HKYRK,7
0310-SUCIN,2
5197-PYEPU,1
6619-RPLQZ,7
3275-RHRNE,1
3503-TYDAY,3
6901-GOGZG,4
7021-XSNYE,2
9621-OUPYD,7
8982-NHAVY,5
4307-KWMXE,1
0141-YEAYS,8
2450-ZKEED,10
3694-DELSO,7
3893-JRNFS,4
9603-OAIHC,2
1133-KXCGE,7
0142-GVYSN,2
1049-FYSYG,6
8406-LNMHF,1
1821-BUCWY,7
0023-UYUPN,7
8314-DPQHL,4
1465-WCZVT,4
9481-SFCQY,10
6360-SVNWV,5
0567-GGCAC,2
8884-MRNSU,9
2171-UDMFD,10
9050-IKDZA,4
9802-CAQUT,9
0187-WZNAB,3
1475-VWVDO,9
1357-MVDOZ,1
7602-MVRMB,7
1197-BVMVG,4
5406-KGRMX,7
5968-HYJRZ,10
5198-EFNBM,6
7516-GMHUV,4
7140-ADSMJ,4
2230-XTUWL,8
7706-YLMQA,7
2585-KTFRE,4
7994-UYIVZ,6
7717-BICXI,6
6559-RAKOZ,1
4716-MRVEN,2
2143-LJULT,4
3200-MNQTF,6
6164-HXUGH,6
5630-IXDXV,1
0320-DWVTU,8
9135-MGVPY,2
1212-GLHMD,5
7878-JGDKK,4
1088-AUUZZ,5
6614-YWYSC,5
9588-OZDMQ,10
6476-EPYZR,8
1174-FGIFN,10
6620-HVDUJ,7
1032-MAELW,9
7641-TQFHN,1
1552-TKMXS,6
8622-ZLFKO,6
6188-UXBBR,2
2333-KWEWW,8
5702-SKUOB,6
1134-YWTYF,10
6061-GWWAV,9
0679-TDGAK,10
6585-WCEWR,5
9067-YGSCA,7
9067-SQTNS,6
1776-SPBWV,5
8735-SDUFN,6
9668-PUGNU,4
9405-GPBBG,3
1926-QUZNN,1
7016-NVRIC,1
5829-NVSQN,6
9565-AXSMR,9
8869-LIHMK,8
0447-RXSGD,2
4927-WWOOZ,9
5788-YPOEG,8
0661-KBKPA,9
9081-WWXKP,4
0784-ZQJZX,9
3133-PZNSR,2
0722-SVSFK,1
3612-YVGSJ,9
9825-YCXWZ,10
5397-NSKQG,8
8565-HBFNN,7
2000-DHJUY,8
8670-ERCJH,1
7758-UJWYS,9
2050-ONYDQ,10
7055-JCGNI,9
0739-UUAJR,9
4826-DXMUP,6
7285-KLOTR,4
0654-PQKDW,2
7175-NTIXE,4
7963-SHNDT,7
9796-BPKIW,1
0188-GWFLE,9
8129-GMVGI,3
2882-DDZPG,4
3547-LQRIK,5
9137-NOQKA,3
5843-TTHGI,4
1849-RJYIG,5
8868-GAGIO,1
4061-UKJWL,9
5380-XPJNZ,10
8263-QMNTJ,10
3230-JCNZS,4
0277-ORXQS,9
7996-BPXHY,4
3227-WLKLI,1
2266-FUBDZ,5
8237-ULIXL,9
8216-AZUUZ,3
9153-BTBVV,5
5186-PEIZU,3
1074-AMIOH,3
4361-FEBGN,1
7748-UMTRK,2
0380-ZCSBI,2
7145-FEJWU,9
6463-MVYRY,7
3969-JQABI,8
9624-EGDEQ,2
1051-EQPZR,9
5849-ASHZJ,3
5780-INQIK,10
4526-ZJJTM,2
8384-FZBJK,1
3750-RNQKR,9
0962-CQPWQ,8
3096-YXENJ,4
1265-BCFEO,7
5837-LXSDN,3
5945-AZYHT,3
8325-QRPZR,4
6384-VMJHP,2
2262-SLNVK,10
7730-CLDSV,4
1135-HIORI,10
0164-APGRB,3
6481-ESCNL,8
1790-NESIO,2
1550-EENBN,9
8198-RKSZG,3
9297-EONCV,4
1069-QJOEE,10
7799-DSEWS,10
8766-PAFNE,3
5315-CKEQK,3
3130-ICDUP,8
0820-FNRNX,8
0880-FVFWF,6
4611-ANLQC,4
4213-HKBJO,1
2792-LSHWX,4
0014-BMAQU,8
9018-PCIOK,6
4837-QUSFT,2
9953-ZMKSM,3
0907-HQNTS,7
7665-NKLAV,4
4391-LNRXK,4
8250-ZNGGW,5
8562-GHPPI,8
5893-PYOLZ,7
4986-MXSFP,9
6131-FOYAS,5
3027-YNWZU,1
5609-IMCGG,4
4727-MCYZG,6
9481-WHGWY,6
4328-VUFWD,9
3301-LSLWQ,10
7473-ZBDSN,5
3166-PNEOF,5
5639-NTUPK,6
8780-YRMTT,6
5140-FOMCQ,3
6242-SGYTS,6
8166-ORCHU,8
8414-OOEEL,6
8454-AATJP,5
4531-AUZNK,3
4191-XOVOM,1
2150-OEGBV,5
1855-CFULU,6
4878-BUNFV,6
1872-EBWSC,6
7026-YMSBE,3
6997-UVGOX,4
9674-EHPPG,3
5440-VHLUL,2
5781-BKHOP,8
5213-TWWJU,7
8628-MFKAX,8
7629-WIXZF,6
5445-GLVOT,7
3976-HXHCE,1
2466-NEJOJ,10
0254-KCJGT,5
5472-CVMDX,4
6461-SZMCV,10
8150-QUDFX,3
9508-ILZDG,2
2346-DJQTB,9
1697-LYYYX,8
1942-OQFRW,10
9640-ZSLDC,2
4231-LZUYM,6
6128-AQBMT,3
3594-BDSOA,3
5133-VRSAB,5
5996-DAOQL,7
6838-YAUVY,7
0484-JPBRU,10
7883-ROJOC,1
0244-LGNFY,7
7274-CGTOD,7
4295-YURET,6
4635-EJYPD,6
1866-ZSLJM,2
4636-TVXVG,3
4236-UJPWO,3
9392-XBGTD,3
6402-SSEJG,2
1169-SAOCL,9
1110-KYLGQ,6
9929-PLVPA,2
3518-PZXZQ,3
2371-JUNGC,10
7693-QPEFS,6
0924-BJCRC,4
5074-FBGHB,7
2351-BKRZW,6
4455-BFSPD,6
3948-KXDUF,3
2323-ARSVR,8
0815-MFZGM,9
5480-XTFFL,6
8295-FHIVV,2
9086-YJYXS,1
1179-INLAT,3
7909-FIOIY,3
6351-SCJKT,8
5468-BPMMO,5
0197-PNKNK,1
2439-QKJUL,4
1194-SPVSP,7
9534-NSXEM,5
8929-KSWIH,10
2250-IVBWA,6
1810-MVMAI,10
9506-UXUSK,4
1229-RCALF,2
3572-UOLYZ,9
1429-UYJSV,2
6366-XIVKZ,2
3470-OBUET,2
2770-NSVDG,1
9375-MHRRS,3
4860-YZGZM,6
6599-GZWCM,7
5533-NHFRF,1
7037-MTYVW,5
4760-THGOT,5
4016-BJKTZ,1
6584-VQMYT,4
9838-BFCQT,10
2790-XUYMV,1
0581-MDMPW,1
1023-BQXZE,7
9163-GHAYE,7
3904-UKFRE,3
5353-WILCI,7
0058-EVZWM,3
7009-PCARS,2
0519-DRGTI,10
1017-FBQMM,4
1985-MBRYP,10
9372-TXXPS,3
3259-QMXUN,7
1015-JPFYW,1
6645-MXQJT,6
4360-QRAVE,2
8433-WPJTV,8
5804-JMYIO,5
6484-LATFU,3
7599-NTMDP,10
0536-ACXIP,7
0936-NQLJU,2
1575-KRZZE,5
3251-YMVWZ,8
4884-LEVMQ,1
8857-CUPFQ,1
7610-TVOPG,3
3638-DIMPH,3
1845-ZLLIG,7
8559-WNQZS,6
1699-UOTXU,7
0635-WKOLD,4
5993-JSUWV,2
4518-FZBSX,2
5387-ASZNZ,10
6988-CJEYV,1
3097-FQTVJ,9
5465-BUBFA,7
7299-GNVPL,10
9743-DQKQW,3
1215-VFYVK,2
9371-BITHB,3
9093-FPDLG,7
0541-FITGH,5
6985-HAYWX,3
7508-KBIMB,9
6838-HVLXG,2
2277-DJJDL,7
1897-OKVMW,10
5485-ITNPC,6
0233-FTHAV,6
4644-PIZRT,7
8922-NPKBJ,6
2740-TVLFN,2
7771-CFQRQ,5
9512-PHSMG,3
6963-EZQEE,9
2452-KDRRH,8
4146-SVFUD,10
1564-HJUVY,2
3617-XLSGQ,1
7517-LDMPS,4
7244-KXYZN,4
5226-NOZFC,10
1400-WIVLL,2
8148-NLEGT,7
8347-GDTMP,3
6746-WAUWT,7
0428-IKYCP,7
2187-PKZAY,1
4003-OCTMP,6
6652-YFFJO,4
7225-IILWY,8
5248-RPYWW,8
7923-IYJWY,3
3170-GWYKC,4
9830-ECLEN,1
2668-TZSPS,10
7446-SFAOA,2
9522-ZSINC,7
8234-GSZYK,7
6505-OZNPG,9
6164-HAQTX,10
7765-LWVVH,9
1658-TJVOA,9
0953-LGOVU,6
4692-NNQRU,8
7742-MYPGI,9
9619-GSATL,7
5622-UEJFI,4
0674-DGMAQ,4
6203-HBZPA,6
0484-FFVBJ,4
0301-FIDRB,7
4139-JPIAM,8
2181-TIDSV,8
2761-XECQW,8
1936-CZAKF,2
9453-PATOS,10
4402-FTBXC,2
2931-XIQBR,2
0106-UGRDO,2
5542-TBBWB,4
1930-QPBVZ,5
2606-PKWJB,4
5322-ZSMZY,5
8059-UDZFY,4
7740-BTPUX,7
5220-AGAAX,10
0208-BPQEJ,1
9435-JMLSX,1
3352-ALMCK,2
5312-IRCFR,1
5294-IMHHT,10
6176-YJWAS,10
5310-NOOVA,3
4526-EXKKN,6
5311-IHLEI,10
3987-KQDDU,6
3404-JNXAX,1
5131-PONJI,6
3489-VSFRD,5
3345-JHUEO,7
5815-HGGHV,6
5260-UMPWX,7
5649-RXQTV,2
2674-MIAHT,1
2576-HXMPA,7
7587-AOVVU,9
6898-MDLZW,2
4707-YNOQA,7
9357-UJRUN,3
8648-PFRMP,6
7663-CUXZB,3
0258-NOKBL,10
1163-VIPRI,5
9348-ROUAI,2
9443-JUBUO,8
3043-TYBNO,8
4830-FAXFM,7
5906-BFOZT,6
2960-NKRSO,1
8996-ZROXE,8
5598-IKHQQ,1
0397-ZXWQF,8
5266-PFRQK,2
4674-HGNUA,8
6765-MBQNU,10
9786-IJYDL,4
1303-SRDOK,7
3769-MHZNV,5
6295-OSINB,8
3308-MHOOC,6
2207-QPJED,5
4177-JPDFU,1
2239-CFOUJ,3
8046-DNVTL,10
2209-XADXF,9
6620-JDYNW,9
4770-UEZOX,5
1038-RQOST,3
4568-TTZRT,6
9513-DXHDA,5
0516-QREYC,1
8084-OIVBS,2
8896-BQTTI,5
3865-QBWSJ,9
3352-RICWQ,4
2160-GPFXD,9
2065-MMKGR,3
5857-TYBCJ,1
1498-NHTLT,6
1402-PTHGN,10
4176-RELJR,7
5199-FPUSP,4
6377-KSLXC,10
1796-JANOW,5
0238-WHBIQ,4
8735-NBLWT,3
6651-RLGGM,1
1614-JBEBI,6
5696-EXCYS,10
5795-KTGUD,5
7924-GJZFI,1
4702-HDRKD,5
8512-WIWYV,6
5897-ZYEKH,10
5456-ITGIC,5
1406-PUQVY,1
9114-AAFQH,5
8715-KKTFG,10
1728-BQDMA,1
5117-ZSMHQ,3
5151-HQRDG,2
0960-HUWBM,1
6465-GSRCL,4
0263-FJTQO,2
7319-ZNRTR,5
7503-EPSZW,10
7089-XXAYG,1
8070-AAWZP,10
1666-JXLKU,1
7855-DIWPO,10
5133-POWUA,4
5652-MSDEY,7
1810-BOHSY,2
1784-BXEFA,2
7351-MHQVU,1
9224-VTYID,5
9500-IWPXQ,6
5762-TJXGK,6
4504-YOULA,2
5569-IDSEY,7
7284-ZZLOH,6
1777-JYQPJ,8
3401-URHDA,6
1599-EAHXY,9
8631-XVRZL,10
3853-LYGAM,2
5751-USDBL,7
5680-LQOGP,5
8189-DUKMV,1
9931-DCEZH,3
1898-JSNDC,4
0315-LVCRK,2
3911-RSNHI,7
2410-CIYFZ,1
5505-OVWQW,3
7271-AJDTL,9
1867-TJHTS,2
6860-YRJZP,5
4429-WYGFR,4
2817-LVCPP,3
5038-ETMLM,5
5056-FIMPT,6
4521-WFJAI,1
6569-KTMDU,2
8809-XKHMD,1
0396-YCHWO,3
0867-LDTTC,8
9391-DXGGG,8
9844-FELAJ,4
2122-SZZZD,6
3148-AOIQT,9
8395-ETZKQ,7
6692-YQHXC,2
3889-VWBID,2
5222-JCXZT,3
9754-CLVZW,8
2739-CCZMB,10
7080-TNUWP,9
0496-AHOOK,3
8336-TAVKX,9
2468-SJFLM,10
3181-VTHOE,8
7168-HDQHG,5
4567-AKPIA,10
7901-HXJVA,3
5924-IFQTT,7
7968-QUXNS,9
8903-WMRNW,6
2452-SNHFZ,3
3629-WEAAM,5
6029-CSMJE,7
7993-NQLJE,8
9909-DFRJA,4
9099-FTUHS,2
0581-BXBUB,10
4962-CHQPW,2
9467-ROOLM,3
5150-ITWWB,8
2253-KPMNB,1
1345-ZUKID,7
6429-SHBCB,6
9281-OFDMF,2
2603-HVKCG,9
1834-WULEG,5
9097-ZUBYC,2
5148-ORICT,3
4893-GYUJU,7
4578-PHJYZ,7
7272-QDCKA,10
8908-SLFCJ,1
9766-HGEDE,10
6968-MHOMU,4
5044-XDPYX,6
1814-WFGVS,8
3721-WKIIL,3
6734-CKRSM,3
1265-ZFOSD,8
6568-POCUI,8
5197-LQXXH,8
3457-PQBYH,1
7682-AZNDK,8
5384-ZTTWP,8
3745-HRPHI,2
7636-OWBPG,9
1231-YNDEK,7
1407-DIGZV,8
0570-BFQHT,2
4393-OBCRR,4
8564-LDKFL,7
3696-DFHHB,6
4717-GHADL,7
5501-TVMGM,1
5879-HMFFH,8
6772-WFQRD,7
3810-DVDQQ,4
6972-SNKKW,1
3694-GLTJM,8
8550-XSXUQ,10
9055-MOJJJ,7
4359-INNWN,8
0585-EGDDA,10
4032-RMHCI,1
0549-CYCQN,5
3481-JHUZH,9
3594-IVHJZ,5
6869-FGJJC,10
3896-ZVNET,3
8205-VSLRB,9
5960-MVTUK,9
6817-WTYHE,4
3082-VQXNH,4
4931-TRZWN,8
0750-EKNGL,7
7669-LCRSD,5
3567-PQTSO,6
8043-PNYSD,3
9938-EKRGF,6
2703-AMTUL,8
0928-JMXNP,10
8173-RXAYP,9
4825-XJGDM,3
5402-HTOTQ,8
6734-JDTTV,3
7850-THJMU,2
3890-RTCMS,5
3717-FDJFU,4
3665-JATSN,5
7966-YOTQW,6
8853-TZDGH,3
4324-BZCKL,1
6924-TDGMT,4
1536-YHDOE,6
8123-QBNAZ,2
3629-ZNKXA,2
4827-LTQRJ,1
7711-YIJWC,9
5482-VXSXJ,3
7365-BVCJH,2
9620-ENEJV,4
2378-YIZKA,6
0689-DSXGL,1
6818-DJXAA,9
0464-WJTKO,9
8902-ZEOVF,8
6778-EICRF,6
2662-NNTDK,4
4132-KALRO,2
2874-YXVVA,8
1245-HARPS,7
4323-ELYYB,4
4293-ETKAP,3
6064-PUPMC,6
6504-VBLFL,1
6322-PJJDJ,2
0330-BGYZE,7
1085-LDWAM,3
7586-ZATGZ,1
7197-VOJMM,2
1843-TLSGD,10
9626-VFRGG,10
7075-BNDVQ,9
9143-CANJF,7
7284-BUYEC,7
2041-JIJCI,10
4900-MSOMT,8
2229-VWQJH,8
9194-GFVOI,9
1336-EZFZY,2
4282-MSACW,8
1403-LKLIK,8
0136-IFMYD,5
5144-TVGLP,5
9643-AVVWI,4
0253-ZTEOB,5
2706-QZIHY,2
6061-PQHMK,2
6137-MFAJN,5
9122-UMROB,3
4232-JGKIY,1
2402-TAIRZ,9
9659-ZTWSM,2
9139-TWBAS,10
6685-GBWJZ,2
2195-VVRJF,4
3913-RDSJZ,2
4203-QGNZA,7
5043-TRZWM,10
9494-BDNNC,1
1640-PLFMP,2
5366-OBVMR,5
7644-OMVMY,2
4573-JKNAE,9
9817-APLHW,4
8380-MQINP,9
0840-DFEZH,1
8690-ZVLCL,1
1125-SNVCK,1
0384-LPITE,4
4616-EWBNJ,9
1335-HQMKX,8
2545-EBUPK,7
6923-AQONU,1
2172-EJXVF,3
4536-PLEQY,9
7029-IJEJK,9
8871-JLMHM,5
5447-VYTKW,6
3623-FQBOX,6
8659-HDIYE,10
3474-BAFSJ,4
3865-ZFZIB,1
1855-AGAWH,5
7109-CQYUZ,1
1370-GGAWX,1
4680-KUTAJ,5
5307-UVGNB,5
2883-ILGWO,7
3642-BYHDO,2
9629-NHXFW,6
2696-RZVZW,2
5766-FTRTS,10
0396-HUJBP,5
8879-ZKJOF,4
6285-FTQBF,10
1474-JUWSM,5
3530-CRZSB,2
8498-XXGWA,8
9617-INGJY,8
0621-TSSMU,6
7234-KMNRQ,3
7636-PEPNS,4
4683-WYDOU,1
9052-DHNKM,9
6794-HKIAJ,10
5578-NKCXI,5
1642-HMARX,8
3096-WPXBT,3
8434-PNQZX,4
5950-AAAGJ,4
4299-OPXEJ,8
9618-LFJRU,9
6693-DJWTY,3
0744-GKNGE,7
6447-EGDIV,9
1167-OYZJF,2
4806-DXQCE,4
4854-SSLTN,3
5294-DMSFH,8
4837-PZTIC,4
0603-OLQDC,9
3272-VUHPV,1
4176-FXYBO,1
1063-DHQJF,4
8663-UPDGF,3
6719-FGEDO,3
1837-YQUCE,10
0369-ZGOVK,2
9919-KNPOO,10
7872-BAAZR,10
9391-LMANN,2
8174-TBVCF,8
1698-XFZCI,1
1877-HKBQX,8
4450-DLLMH,10
0428-AXXLJ,3
2746-DIJLO,2
3508-VLHCZ,9
4086-ATNFV,5
0468-YRPXN,5
5996-NRVXR,6
3739-YBWAB,4
7047-FWEYA,7
2000-MPKCA,7
9762-YAQAA,9
5473-KHBPS,6
0100-DUVFC,1
5397-TUPSH,9
8950-MTZNV,10
0326-VDYXE,9
6773-LQTVT,5
0436-TWFFZ,7
8566-YPRGL,1
6609-MXJHJ,4
2669-OIDSD,10
8400-WZICQ,4
9576-SYUHJ,5
0410-IPFTY,6
2831-EBWRN,4
9430-NKQLY,6
0247-SLUJI,10
9402-ORRAH,7
6483-OATDN,3
1293-HHSHJ,9
4840-ORQXB,8
3982-DQLUS,1
8610-ZIKJJ,2
3756-VNWDH,2
7801-KICAO,10
7673-LPRNY,9
6060-QBMGV,9
7339-POGZN,9
2828-SLQPF,1
4465-VDKIQ,7
2921-XWDJH,3
2558-BUOZZ,9
9257-AZMTZ,8
0003-MKNFE,3
0975-UYDTX,1
4682-BLBUC,9
0975-VOOVL,10
5968-VXZLG,1
5201-FRKKS,3
9799-CAYJJ,6
5443-SCMKX,6
8295-KMENE,10
6738-ISCBM,4
9821-BESNZ,2
3678-MNGZX,10
1335-NTIUC,6
2916-BQZLN,10
4558-CGYCZ,5
2368-GAKKQ,6
8710-YGLWG,7
3199-XGZCY,9
3785-KTYSH,7
6814-ZPWFQ,4
4063-EIKNQ,10
6993-YCOBK,5
5206-HPJKM,6
8393-JMVMB,9
5019-GQVCR,5
6036-TTFYU,5
2550-AEVRU,7
0969-RGKCU,2
0378-CJKPV,3
2880-FPNAE,2
1703-MGIAB,10
4311-QTTAI,10
4318-RAJVY,2
3612-YUNGG,3
2254-DLXRI,6
5062-CJJKH,5
9028-LIHRP,5
1053-MXTTK,2
1530-ZTDOZ,2
1301-LOPVR,1
0853-TWRVK,3
6212-ATMLK,7
8200-LGKSR,5
1568-BEKZM,7
0670-ANMUU,9
6897-RWMUB,6
6999-CHVCF,2
6134-KWTBV,1
1077-HUUJM,1
0895-LNKRC,10
2045-BMBTJ,9
8417-GSODA,6
5171-EPLKN,6
4452-QIIEB,4
6741-EGCBI,2
7820-ZYGNY,10
9677-AVKED,3
2227-JRSJX,3
9847-HNVGP,8
6696-YDAYZ,6
8980-WQFWL,7
1730-ZMAME,9
6506-EYCNH,1
4634-JLRJT,2
9501-UKKNL,9
2560-QTSBS,5
4795-WRNVT,4
6080-TCMYC,1
7860-UXCRM,9
6357-JJPQT,9
2292-XQWSV,4
9552-TGUZV,9
5913-INRQV,10
9643-YBLUR,1
8734-FNWVH,5
9447-YPTBX,1
9026-LHEVG,4
7011-CVEUC,5
6185-TASNN,3
7925-PNRGI,2
1552-CZCLL,6
3038-PQIUY,3
9313-CDOGY,10
8148-BPLZQ,1
2623-DRYAM,5
9987-LUTYD,2
4488-KQFDT,2
5693-PIPCS,4
0491-KAPQG,4
1925-LFCZZ,4
8039-EQPIM,7
8707-RMEZH,1
3209-ZPKFI,8
6479-VDGRK,10
9373-WSLOY,9
3569-JFODW,10
9819-FBNSV,6
9544-PYPSJ,4
1591-XWLGB,6
0396-UKGAI,10
3243-ZHOHY,7
5186-EJEGL,6
7527-QNRUS,1
2203-GHNWN,5
3878-AVSOQ,8
3258-SYSWS,8
5296-PSYVW,10
6319-QSUSR,9
0512-FLFDW,4
0487-CRLZF,10
2107-FBPTK,6
9451-WLYRI,7
8219-VYBVI,5
1991-VOPLL,8
9738-QLWTP,3
1016-DJTSV,8
9419-IPPBE,5
0174-QRVVY,1
5699-BNCAS,6
2900-PHPLN,2
8106-GWQOK,7
8751-EDEKA,9
6878-GGDWG,3
4039-PIMHX,10
8450-LUGUK,4
3604-WLABM,4
0795-GMVQO,4
2259-OUUSZ,3
1142-IHLOO,5
4633-MKHYU,9
6257-RJOHI,8
1545-JFUML,10
7826-VVKWT,2
1353-GHZOS,9
2587-EKXTS,10
5442-BXVND,2
9753-OYLBX,7
2364-UFROM,5
6656-JWRQX,7
6473-ULUHT,5
7688-AWMDX,6
2842-BCQGE,8
7244-QWYHG,1
5312-UXESG,1
2150-WLKUW,5
7159-FVYPK,1
7032-LMBHI,3
6088-BXMRG,10
4821-SJHJV,9
7346-MEDWM,7
1137-DGOWI,6
3812-LRZIR,8
9483-GCPWE,8
4227-OJHAL,6
9220-CXRSC,4
4993-JCRGJ,4
9537-JALFH,4
6698-OXETB,6
2103-ZRXFN,1
3724-BSCVH,2
4877-TSOFF,6
9209-NWPGU,1
7306-YDSOI,9
5288-AHOUP,6
0655-YDGFJ,7
8468-EHYJA,1
6823-SIDFQ,8
1097-FSPVW,5
8328-SKJNO,5
7010-ZMVBF,6
5201-CBWYG,7
6352-GIGGQ,7
3635-QQRQD,5
2897-DOVND,1
3082-YVEKW,9
0191-EQUUH,6
7134-HBPBS,9
3489-HHPFY,4
2926-JEJJC,2
4950-BDEUX,3
5789-LDFXO,4
0508-OOLTO,10
2984-TBYKU,8
9822-WMWVG,3
9040-KZVWO,8
1548-ARAGG,6
6339-RZCBJ,4
4415-WNGVR,7
2522-AHJXR,5
0412-UCCNP,5
1816-FLZDK,9
7096-UCLNH,3
4615-PIVVU,10
8885-QSQBX,4
8617-ENBDS,5
9385-NXKDA,1
0430-IHCDJ,7
6674-KVJHG,8
1814-DKOLC,6
9351-HXDMR,9
3537-HPKQT,3
2129-ALKBS,2
5821-MMEIL,5
1309-XGFSN,9
6968-URWQU,1
4742-TXUEX,1
9631-XEYKE,10
1335-MXCSE,3
8873-TMKGR,10
8800-JOOCF,3
1469-LBJQJ,5
0064-YIJGF,4
2386-OWURY,6
0310-VQXAM,8
3453-RTHJQ,8
6278-FEPBZ,4
4280-DLSHD,1
1508-DFXCU,7
7868-BGSZA,6
2800-QQUSO,5
7973-DZRKH,4
7698-YFGEZ,6
9773-PEQBZ,8
0650-BWOZN,6
7785-RDVIG,3
9602-WCXPI,9
2903-YYTBW,3
3620-MWJNE,4
8573-JGCZW,5
6837-HAEVO,2
6701-YVNQG,10
4304-XUMGI,10
9504-YAZWB,2
8819-ZBYNA,6
6174-NRBTZ,2
9481-IEBZY,10
6137-NICCO,1
9065-ZCPQX,8
6402-EJMWF,10
3620-EHIMZ,10
3213-VVOLG,1
6870-ECSHE,10
8747-UDCOI,6
4626-OZDTJ,1
9169-BSVIN,8
8194-PEEBY,5
6872-HXFNF,3
7714-YXSMB,5
8387-UGUSU,1
1080-BWSYE,1
1194-HVAIF,4
1767-TGTKO,9
8439-LTUGF,9
8805-JNRAZ,1
6418-HNFED,3
0206-OYVOC,4
7291-CDTMJ,2
7128-GGCNO,7
0237-YFUTL,3
7691-KGKGP,1
6710-HSJRD,1
3675-EQOZA,3
0840-DCNZE,6
1732-FEKLD,4
9862-KJTYK,1
0479-HMSWA,7
5854-KSRBJ,2
0365-BZUWY,5
5701-SVCWR,8
3129-AAQOU,7
4922-CVPDX,8
1357-BIJKI,10
1099-BTKWT,6
2018-PZKMU,7
7340-KEFQE,9
4570-QHXHL,6
7392-YYPYJ,9
2223-GDSHL,2
9470-RTWDV,2
2176-OSJUV,2
9348-YVOMK,6
8104-OSKWT,2
4521-YEEHE,3
4090-KPJIP,8
3786-WOVKF,8
2592-HODOV,4
7995-ZHHNZ,9
3824-RHKVR,8
5816-SCGFC,1
5989-AXPUC,8
4979-HPRFL,1
8590-OHDIW,4
8015-IHCGW,10
2332-TODQS,6
9278-VZKCD,7
8008-OTEZX,10
2773-OVBPK,4
5999-LCXAO,8
5206-XZZQI,8
4803-LBYPN,9
2139-FQHLM,6
8261-GWDBQ,4
1093-YSWCA,2
3882-IYOIJ,7
8749-TZYEC,10
1755-FZQEC,3
3115-JPJDD,3
5600-KTXFM,3
6339-TBELP,4
7964-YESJC,2
6173-GOLSU,5
9938-ZREHM,3
7950-XWOVN,10
4647-MUZON,5
9702-AIUJO,7
8849-PRIQJ,9
8851-RAGOV,2
5396-IZEPB,9
1729-VLAZJ,10
8285-ABVLB,6
0701-TJSEF,6
5712-VBOXD,3
6629-LADHQ,10
1559-DTODC,9
4797-MIWUM,4
8720-RQSBJ,5
4537-CIBHB,3
4324-AHJKS,5
4355-CVPVS,8
4495-LHSSK,8
5915-ANOEI,8
9861-PDSZP,6
7225-CBZPL,1
6704-UTUKK,10
2019-HDCZY,6
8788-DOXSU,10
7404-JLKQG,7
7421-ZLUPA,9
3274-NSDWE,8
2632-IVXVF,8
3692-JHONH,7
8915-NNTRC,2
5914-GXMDA,1
7463-IFMQU,2
2920-RNCEZ,6
2541-YGPKE,2
5382-TEMLV,10
3441-CGZJH,4
9592-ERDKV,10
4778-IZARL,3
0432-CAJZV,6
7008-LZVOZ,8
1200-TUZHR,6
9365-CSLBQ,2
5884-FBCTL,5
7130-CTCUS,6
6242-FEGFD,9
6194-HBGQN,6
7634-WSWDB,10
6986-IXNDM,5
2987-BJXIK,1
9769-TSBZE,10
1395-WSWXR,5
6023-GSSXW,5
6752-APNJL,6
0420-HLGXF,7
7446-KQISO,4
9823-EALYC,7
0582-AVCLN,5
5803-NQJZO,6
2607-DHDAK,4
1073-XXCZD,8
0743-HRVFF,9
4006-HKYHO,2
3727-JEZTU,4
8143-ETQTI,8
9667-TKTVZ,8
3657-COGMW,9
8570-KLJYJ,3
7754-IXRMC,1
9473-CBZOP,9
2969-WGHQO,1
4334-HOWRP,3
5863-OOKCL,3
1686-STUHN,9
1329-VHWNP,1
0266-GMEAO,7
5574-NXZIU,2
0019-GFNTW,7
4256-ZWTZI,1
8309-PPCED,10
4098-NAUKP,10
5196-WPYOW,8
4608-LCIMN,10
1485-YDHMM,10
4054-CUMIA,2
0603-TPMIB,3
2525-GVKQU,8
8161-QYMTT,3
9581-GVBXT,1
5862-BRIXZ,9
5404-GGUKR,8
3308-JSGML,4
2126-GSEGL,8
0440-QEXBZ,5
2434-EEVDB,3
6762-QVYJO,1
6199-IWKGC,10
2675-DHUTR,5
8152-VETUR,6
7446-YPODE,4
9522-BNTHX,7
4676-WLUHT,3
7980-MHFLQ,7
0757-WCUUZ,1
1629-DQQVB,7
0374-AACSZ,1
4872-VXRIL,1
9140-CZQZZ,2
3423-HHXAO,2
9938-TKDGL,4
0531-ZZJWQ,1
6537-QLGEX,4
2688-BHGOG,2
3160-TYXLT,4
1325-USMEC,4
0916-QOFDP,9
5606-AMZBO,9
6199-IPCAO,1
5640-CAXOA,5
2235-EZAIK,7
3847-BAERP,4
1453-RZFON,5
8263-OKETD,2
0670-KDOMA,3
2476-YGEFM,7
8687-BAFGU,10
0641-EVBOJ,7
0829-XXPLX,4
9974-JFBHQ,1
6624-JDRDS,1
0608-JDVEC,4
9780-FKVVF,4
1919-RTPQD,6
5214-NLTIT,7
3345-PBBFH,9
5055-BRMNE,9
2190-PHBHR,10
2650-GYRYL,5
5208-FVQKB,10
7184-LRUUR,3
6627-CFOSN,3
3982-JGSFD,6
1574-DYCWE,1
7247-XOZPB,7
2466-FCCPT,3
6211-WWLTF,5
4826-TZEVA,7
6016-NXBNJ,7
9138-EFSMO,9
4632-XJMEX,1
8910-LEDAG,3
3452-GWUIN,9
2716-GFZOR,8
3724-UCSHY,2
8626-XHBIE,8
3192-LNKRK,8
4439-YRNVD,2
2208-UGTGR,8
3005-TYFRD,3
8670-MEFCP,7
3079-BCHLN,9
7777-UNYHB,4
7278-CKDNC,6
8450-UYIBU,9
2969-VAPYH,5
7181-OQCUT,1
8474-UMLNT,3
3836-FZSDJ,9
9142-XMYJH,3
0187-QSXOE,10
7733-UDMTP,2
2649-HWLYB,4
5214-CHIWJ,5
6904-JLBGY,7
2465-BLLEU,7
1685-VAYJF,9
8874-EJNSR,8
6917-YACBP,2
5049-MUBWG,8
4223-WOZCM,8
0769-MURVM,5
9253-VIFJQ,3
7030-FZTFM,9
9741-YLNTD,7
5917-RYRMG,1
5120-ZBLAI,8
1194-BHJYC,10
0906-QVPMS,5
1905-OEILC,6
7858-GTZSP,9
6248-BSHKG,10
4685-TFLLS,8
3470-BTGQO,3
1209-VFFOC,5
8224-DWCKX,4
4553-DVPZG,1
6917-IAYHD,5
8620-RJPZN,10
7572-KPVKK,7
2642-MAWLJ,1
7103-ZGVNT,4
2027-WKXMW,6
7137-NAXML,9
2428-ZMCTB,8
2961-VNFKL,2
1768-HNVGJ,3
6963-KQYQB,10
5934-RMPOV,5
1207-BLKSA,7
8316-BBQAY,3
1166-PQLGG,7
3146-JTQHR,5
4291-YZODP,10
4395-PZMSN,6
6427-FEFIG,6
0017-IUDMW,4
8706-HRADD,8
9955-QOPOY,9
4385-ZKVNW,2
5446-DKWYW,9
9031-ZVQPT,4
2990-IAJSV,6
8107-KNCIM,7
9027-YFHQJ,4
5176-LDKUH,8
4644-OBGFZ,10
7926-IJOOU,8
6480-YAGIY,1
4029-HPFVY,8
7602-DBTOU,10
5345-BMKWB,3
5457-COLHT,5
5451-YHYPW,10
7998-WNZEM,8
4664-NJCMS,6
0307-BCOPK,4
7629-WFGLW,4
2542-HYGIQ,4
5016-LIPDW,6
6481-LXPWL,7
6124-ACRHJ,5
9362-MWODR,10
9975-GPKZU,8
9625-RZFUK,7
5153-LXKDT,8
5161-UBZXI,4
1020-JPQOW,8
7919-ZODZZ,6
0565-JUPYD,3
6867-ACCZI,8
5939-XAIXZ,7
9054-FOWNV,10
8207-VVMYB,5
9732-EQMWY,4
5269-NRGDP,1
6195-MELTI,10
2121-JAFOM,3
8818-DOPVL,2
1227-UDMZR,8
5198-HQAEN,8
2167-FQSTQ,5
2819-GWENI,5
3572-UUHRS,4
2692-PFYTJ,1
5955-EPOAZ,1
6821-JPCDC,6
8815-LMFLX,4
9135-HSWOC,4
8582-KRHPJ,3
5811-IWXYM,9
7044-YAACC,3
8189-XRIKE,8
1506-YJTYT,2
4123-DVHPH,4
2228-BZDEE,1
2789-CZANW,5
7596-LDUXP,2
3740-RLMVT,1
2192-OZITF,1
5651-CPDND,2
2186-QZEYA,5
1131-ALZWV,9
7729-XBTWX,6
9134-WYRVP,4
3284-SVCRO,3
9732-OUYRN,8
0559-CKHUS,3
2931-SVLTV,1
7504-UWHNB,4
2582-FFFZR,5
8908-NMQTX,5
1431-AIDJQ,5
6288-LBEAR,8
8413-YNHNV,8
5808-TOTXO,4
4369-NYSCF,9
6333-YDVLT,1
5324-KTGCG,5
5599-HVLTW,5
7394-LWLYN,5
6873-UDNLD,8
2700-LUEVA,9
0958-YHXGP,3
1101-SSWAG,9
5743-KHMNA,8
4194-FJARJ,3
5325-UWTWJ,2
3969-GYXEL,4
9208-OLGAQ,2
3244-CQPHU,4
2674-MLXMN,5
9708-HPXWZ,2
6992-TKNYO,8
4468-YDOVK,1
5792-JALQC,3
2200-DSAAL,7
4302-ZYFEL,10
9351-LZYGF,1
4366-CTOUZ,2
1518-OMDIK,3
6671-NGWON,2
0595-ITUDF,2
1955-IBMMB,6
0096-BXERS,7
3806-YAZOV,6
7998-ZLXWN,6
6253-WRFHY,9
9133-AYJZG,8
2675-OTVVJ,8
8680-CGLTP,6
8430-TWCBX,5
5018-GWURO,9
6741-QRLUP,2
4737-HOBAX,7
0537-QYZZN,6
3340-QBBFM,7
8200-KLNYW,4
3372-CDXFJ,9
4781-ZXYGU,7
7632-YUTXB,2
2718-YSKCS,4
9896-UYMIE,5
0853-NWIFK,2
8212-CRQXP,10
6980-CDGFC,8
7691-XVTZH,1
2520-SGTTA,3
2277-VWCNI,1
1088-CNNKB,5
1930-BZLHI,8
5868-YTYKS,7
3525-DVKFN,9
1482-OXZSY,2
0377-JBKKT,8
5778-BVOFB,8
3373-YZZYM,6
0228-MAUWC,3
7663-YJHSN,2
4915-BFSXL,8
3086-RUCRN,6
5215-LNLDJ,4
7576-JMYWV,5
0257-KXZGU,5
1307-ATKGB,9
3714-XPXBW,9
1850-AKQEP,8
2824-DXNKN,8
5227-JSCFE,2
0848-ZGQIJ,3
3621-CHYVB,8
8042-RNLKO,5
5372-FBKBN,7
0420-TXVSG,8
6217-TOWGS,6
1045-LTCYT,5
1544-JJMYL,8
4636-JGAAI,1
6874-SGLHU,1
5951-AOFIH,1
3059-NGMXB,3
8652-YHIYU,10
5278-PNYOX,6
3486-HOOGQ,6
5061-PBXFW,5
8630-FJLIB,7
3891-NLXJB,5
4749-OJKQU,2
0577-WHMEV,4
5453-AXEPF,1
3639-XJHKQ,7
3716-LRGXK,4
2263-SFSQZ,4
9950-MTGYX,4
3397-AVTKU,3
4825-FUREZ,8
2672-OJQZP,4
3134-DSHVC,8
7821-DPRQE,9
2001-EWBQU,1
1608-GMEWB,4
6695-AMZUF,6
8410-BGQXN,8
1619-YWUBB,6
7611-YKYTC,6
0365-GXEZS,10
0082-OQIQY,4
3606-SBKRY,9
0667-NSRGI,7
6893-ODYYE,6
8242-JSVBO,1
9541-ZPSEA,2
2665-NPTGL,6
1139-WUOAH,1
4693-VWVBO,5
6937-GCDGQ,1
0988-JRWWP,3
5075-JSDKI,7
8644-XYTSV,5
3873-WOSBC,10
7465-ZZRVX,1
7975-JMZNT,1
7251-XFOIL,8
4116-IQRFR,9
8259-DZLIZ,7
0442-ZXKVS,3
7853-WNZSY,6
3120-FAZKD,3
8606-OEGQZ,10
0225-ZORZP,4
9489-JMTTN,4
0575-CUQOV,3
0967-BMLBD,10
2830-LEWOA,6
5006-MXVRN,5
8327-WKMIE,9
6917-FIJHC,9
5329-KRDTM,3
7797-EJMDP,9
3530-VWVGU,3
6368-NWMCE,4
3633-CDBUW,1
0707-HOVVN,5
3956-MGXOG,9
9274-UARKJ,2
4077-HWUYD,4
0103-CSITQ,10
8671-KKKOS,2
7305-ZWMAJ,8
9518-XXBXE,9
6578-KRMAW,3
4860-IJUDE,9
9688-YGXVR,6
0423-UDIJQ,6
1945-XISKS,7
5360-LJCNJ,5
2607-FBDFF,6
1100-DDVRV,1
6728-WYQBC,3
9029-FEGVJ,9
7216-KAOID,5
6145-NNPNO,5
5339-TJFEK,8
2074-GUHPQ,2
4625-XMOYM,7
5827-MWCZK,9
1385-TQOZW,7
5914-XRFQB,5
4329-YPDDQ,6
4804-NCPET,4
5944-UGLLK,7
7787-BNTZM,1
2252-ISRNH,4
9415-TPKRV,3
5322-TEUJK,4
1866-DIOQZ,1
8375-KVTHK,2
2697-NQBPF,9
3709-OIJEA,7
1386-ZIKUV,6
0599-XNYDO,2
6377-WHAOX,1
6855-VLGOS,2
8999-XXGNS,7
8746-OQQRW,2
3181-MIZBN,3
0471-ARVMX,8
7766-CLTIC,7
5650-YLIBA,9
0825-CPPQH,4
9084-OAYKL,7
6122-LJADA,1
2400-XIWIO,2
7524-VRLPL,7
7569-NMZYQ,2
5201-USSQZ,6
2105-PHWON,10
1494-EJZDW,9
4884-TVUQF,5
8003-EWNDZ,10
1897-RCFUM,7
9256-JTBNZ,1
2211-RMNHO,8
2432-TFSMK,9
4929-ROART,5
1834-ABKHQ,6
1741-WTPON,8
3932-IJWDZ,4
1240-HCBOH,2
3594-KADLU,10
8065-BVEPF,8
3796-ENZGF,2
1734-ZMNTZ,5
2853-CWQFQ,6
0813-TAXXS,5
2519-TWKFS,6
0626-QXNGV,6
6723-CEGQI,3
4732-RRJZC,3
9499-XPZXM,9
4338-EYCER,3
3007-FDPEA,3
6350-XFYGW,2
8513-OLYGY,7
0311-QYWSS,10
8705-DWKTI,10
8755-IWJHN,4
4480-QQRHC,1
0929-PECLO,6
3680-CTHUH,5
1202-KKGFU,2
6112-KTHFQ,6
1852-XEMDW,1
1820-DJFPH,3
9426-SXNHE,4
9068-FHQHD,3
1269-FOYWN,6
9470-YFUYI,4
7402-EYFXX,1
9895-VFOXH,5
1230-QAJDW,5
5701-ZIKJE,9
5032-MIYKT,8
7396-VJUZB,8
9717-QEBGU,5
5172-RKOCB,8
6509-TSGWN,10
3178-CIFOT,7
4530-NDRKU,1
5985-TBABQ,7
9800-ONTFE,8
6743-HHQPF,3
8455-HIRAQ,9
6616-AALSR,8
9415-ZNBSX,2
4018-KJYUY,6
3884-UEBXB,4
8780-RSYYU,3
5537-UXXVS,6
1791-PQHBB,10
8701-DGLVH,9
8741-LQOBK,2
8082-GHXOP,10
0980-FEXWF,10
3011-WQKSZ,10
8218-FFJDS,5
1986-PHGZF,6
9360-OMDZZ,4
0345-XMMUG,7
8024-XNAFQ,2
2988-GBIVW,7
2832-SCUCO,2
7036-ZZKBD,1
0265-PSUAE,5
0463-TXOAK,2
0594-UFTUL,8
9509-MPYOD,8
9128-CPXKI,1
0129-KPTWJ,4
5855-EIBDE,9
5365-LLFYV,5
5956-YHHRX,10
6008-NAIXK,6
1928-BXYIV,3
5760-FXFVO,5
0961-ZWLVI,1
5181-OABFK,8
4007-NHVHI,6
7816-VGHTO,2
5871-DGTXZ,4
7550-WIQVA,4
7544-ZVIKX,9
0016-QLJIS,9
7508-DQAKK,5
5176-OLSKT,3
9356-AXGMP,1
3556-BVQGL,6
8979-CAMGB,8
7581-EBBOU,1
5073-RZGBK,1
2192-CKRLV,7
3154-HMWUU,7
6119-SPUDB,2
6522-OIQSX,3
7813-ZGGAW,2
8748-HFWBO,6
1052-QJIBV,8
1319-YLZJG,8
0723-FDLAY,1
3050-RLLXC,9
9298-WGMRW,8
3088-LHEFH,9
6583-KQJLK,9
8544-JNBOX,6
6681-ZSEXG,3
6139-ZZRBQ,1
6116-RFVHN,8
8884-FEEWR,10
3125-RAHBV,3
0373-AIVNJ,7
1682-VCOIO,10
2072-ZVJJX,6
8849-AYPTR,3
9518-IMLHK,6
3646-ITDGM,3
3569-VLDHH,9
8224-KDLKN,1
7594-LZNWR,8
4001-TSBTV,5
8727-XDPUD,4
1043-UXOVO,1
1064-FBXNK,9
3996-ZNWYK,9
2878-DHMIN,5
7762-ONLJY,9
5795-BKOYE,10
7402-PWYJJ,9
0018-NYROU,7
7501-VTYLJ,8
7608-RGIRO,1
0480-BIXDE,4
5895-QSXOD,10
9814-AOUDH,10
6175-IRFIT,4
8760-ZRHKE,9
1622-HSHSF,3
6749-UTDVX,10
5542-DHSXL,10
9102-OXKFY,1
5216-WASFJ,5
7808-DVWEP,7
2284-VFLKH,4
0366-NQSHS,9
3807-BPOMJ,6
3892-NXAZG,6
4948-WBBKL,3
4182-BGSIQ,10
0988-AADSA,10
9972-NKTFD,5
3717-LNXKW,10
5734-EJKXG,6
2207-RYYRL,4
6729-FZWSY,3
9695-IDRZR,5
8144-DGHXP,7
7814-LEEVE,6
8631-WUXGY,2
5906-DVAPM,1
6654-QGBZZ,5
8348-JLBUG,5
5641-DMBFJ,6
9200-NLNPD,3
2664-XJZNO,1
3339-EAQNV,4
0921-OHLVP,4
8350-NYMVI,10
1600-DILPE,2
0536-ESJEP,8
4654-GGUII,6
6478-HRRCZ,3
8510-BBWMU,1
6857-TKDJV,3
2360-RDGRO,8
0584-BJQGZ,4
1360-XFJMR,3
5730-RIITO,4
9058-MJLZC,4
0902-XKXPN,2
5177-RVZNU,4
0056-EPFBG,9
8993-IZEUX,4
8190-ZTQFB,1
0931-MHTEM,1
7515-LODFU,1
0440-UEDAI,5
1337-BOZWO,6
0868-VJRDR,6
6344-SFJVH,6
3950-VPYJB,9
8041-TMEID,1
7321-ZNSLA,10
6941-KXRRV,6
8727-JQFHV,8
9475-NNDGC,8
1355-KUSBG,3
3688-FTHLT,5
0899-LIIBW,10
1384-RCUXW,4
5825-XJOCM,1
6848-YLDFR,9
8125-QPFJD,5
2320-YKQBO,2
4973-RLZVI,2
7869-ZYDST,7
4501-UYKBC,4
1215-EXRMO,1
2305-MRGLV,5
8404-VIOMB,2
2359-KLTEK,7
5304-EFJLP,9
2673-ZALNP,1
9184-GALIL,2
4393-RYCRE,6
9746-MDMBK,8
3162-ZJZFU,7
8404-GFGCZ,9
8875-AKBYH,2
0533-UCAAU,9
1394-SUIUH,4
3521-MNKLV,3
2533-TIBIX,7
5092-STPKP,5
0114-PEGZZ,5
3359-DSRKA,2
8639-NHQEI,6
7161-DFHUF,6
3720-DBRWL,4
8565-WUXZU,5
4994-OBRSZ,7
0562-FGDCR,8
2436-QBZFP,6
3420-YJLQT,5
6040-CGACY,3
6582-PLFUU,7
8242-PDSGJ,8
0264-CNITK,3
0089-IIQKO,5
7839-NUIAA,2
6075-QMNRR,10
5966-EMAZU,10
0440-EKDCF,4
4774-HHGGS,4
2055-BFOCC,8
8180-AKMJV,3
4298-OYIFC,5
5566-SOEZD,5
9842-EFSYY,2
2272-WUSPA,9
4584-LBNMK,4
3898-GUYTS,9
0930-EHUZA,9
9975-SKRNR,2
3703-KBKZP,9
4973-MGTON,9
3682-YEUWS,2
1223-UNPKS,6
3446-QDSZF,9
5117-IFGPS,4
7379-FNIUJ,2
1627-AFWVJ,7
4486-EFAEB,9
0060-FUALY,6
6954-OOYZZ,4
7088-FBAWU,1
8313-AFGBW,4
3097-IDVPU,3
2197-OMWGI,7
2303-PJYHN,10
9795-VOWON,5
1237-WIYYZ,3
1987-AUELQ,2
7852-LECYP,2
4822-LPTYJ,5
8165-CBKXO,8
6527-PZFPV,8
9593-CVZKR,5
8595-SIZNC,2
5236-XMZJY,4
4827-DPADN,7
2694-CIUMO,6
5846-ABOBJ,10
1439-LCGVL,7
0909-SDHNU,5
4647-XXZAM,2
7740-KKCXF,8
5360-XGYAZ,2
3557-HTYWR,8
8920-NAVAY,7
1699-TLDLZ,3
5600-PDUJF,4
0567-XRHCU,7
2067-QYTCF,4
7407-SUJIZ,9
9150-KPBJQ,7
0052-DCKON,1
3654-ARMGP,1
9699-UBQFS,4
9367-TCUYN,9
1261-FWTTE,4
3528-HFRIQ,5
0708-SJDIS,1
2073-QBVBI,2
6928-ONTRW,4
3320-VEOYC,4
5231-FIQPA,10
6617-WLBQC,6
2599-CIPQE,6
8774-GSBUN,8
7326-RIGQZ,9
1401-FTHFQ,1
0254-FNMCI,1
1848-LBZHY,6
8118-TJAFG,4
5429-LWCMV,4
7298-IZWLY,1
9758-MFWGD,9
3955-JBZZM,3
4815-TUMEQ,5
9909-IDLEK,10
4092-OFQZS,1
1561-BWHIN,8
9927-DSWDF,3
9500-LTVBP,1
7252-NTGSS,10
8149-AIQCG,6
1360-JYXKQ,1
0899-WZRSD,3
3255-GRXMG,5
4828-FAZPK,4
6094-ZIVKX,7
6925-BAYGL,6
3262-EIDHV,3
7354-OIJLX,8
1376-HHBDV,8
6133-OZILE,2
4135-FRWKJ,7
6551-ZCOTS,1
7191-ADRGF,2
5018-LXQQG,8
6892-BOGQE,1
1746-TGTWV,2
5995-SNNEW,1
8050-WYBND,5
2821-WARNZ,7
4879-GZLFH,6
8314-HTWVE,6
9402-ROUMJ,6
2507-QZPQS,8
7159-NOKYQ,5
5707-ZMDJP,10
8779-YIQQA,7
7136-IHZJA,3
8966-OIQHG,9
7074-STDCN,10
8739-QOTTN,3
1399-OUPJN,6
0277-BKSQP,3
5774-XZTQC,1
2676-SSLTO,1
6266-QHOJZ,3
7269-JISCY,4
0363-SVHYR,2
8547-NSBBO,9
6591-QGOYB,8
9070-BCKQP,3
6421-SZVEM,7
1328-EUZHC,4
8878-RYUKI,5
9633-DENPU,4
7811-JIVPF,9
7113-HIPFI,7
8541-QVFKM,4
9258-CNWAC,8
5371-VYLSX,2
6374-AFWOX,7
5317-FLPJF,1
7621-VPNET,8
6034-YMTOB,6
4903-CNOZC,5
4353-HYOJD,9
7267-FRMJW,9
4188-FRABG,3
4128-ETESU,9
0620-DLSLK,9
3850-OKINF,2
1156-ZFYDO,5
3295-YVUSR,2
8016-NCFVO,1
4119-ZYPZY,7
5549-ZGHFB,4
7577-SWIFR,5
0303-WMMRN,4
6408-OTUBZ,6
5204-HMGYF,2
1078-TDCRN,8
3727-OVPRY,4
3797-FKOGQ,8
7622-NXQZR,3
6196-HBOBZ,5
3970-XGJDU,3
7017-VFULY,7
5562-YJQGT,3
8807-OPMBM,8
5439-WIKXB,9
8294-UIMBA,2
8109-YUOHE,3
5840-NVDCG,7
8092-NLTGF,5
5928-QLDHB,10
9840-EFJQB,7
0696-UKTOX,2
4801-KFYKL,4
3472-OAOOR,1
6135-OZQVA,5
2252-JHJGE,8
4188-PCPIG,1
7105-BENQF,7
7721-DVEKZ,7
3566-VVORZ,7
9507-HSMMZ,1
2480-SQIOB,3
7813-TKCVO,2
0128-MKWSG,5
4350-ZTLPI,2
0361-HJRDX,5
5727-MYATE,5
3823-KYNQY,4
7570-WELNY,7
3021-VLNRJ,10
2080-CAZNM,6
1028-FFNJK,2
6907-FLBER,4
3001-UNBTL,7
5982-PSMKW,9
3507-GASNP,9
7096-ZNBZI,3
1676-MQAOA,1
0786-IVLAW,9
7566-DSRLQ,8
7245-JMTTQ,7
6050-IJRHS,6
6202-JVYEU,10
8591-TKMZH,7
0734-OXWBT,9
4282-ACRXS,6
0365-TRTPY,10
7349-ALMUX,3
6502-KUGLL,3
1841-YSJGV,4
3511-BFTJW,10
7668-XCFYV,10
5018-HEKFO,8
2923-ARZLG,10
3976-NLDEZ,9
2282-YGNOR,8
5336-UFNZP,10
6854-EXGSF,2
1241-EZFMJ,4
9233-PSYHO,4
5376-PCKNB,2
8044-BGWPI,8
4060-LDNLU,3
3589-PPVKW,2
5887-IKKYO,7
1755-RMCXH,1
3858-XHYJO,6
4299-SIMNS,3
7025-IWFHT,3
6261-LHRTG,5
7841-FCRQD,3
2056-EVGZL,4
8777-MBMTS,3
7753-USQYQ,7
7661-CPURM,3
6233-HXJMX,10
5902-WBLSE,4
3239-TPHPZ,2
5115-GZDEL,2
3338-CVVEH,9
2615-YVMYX,1
2851-STERV,1
4393-GEADV,10
8486-AYEQH,1
5419-JKZNQ,3
2495-KZNFB,2
1409-PHXTF,3
4560-WQAQW,5
9591-YVTEB,9
9309-BZGNT,2
4274-DRSQT,1
2027-DNKIV,6
8075-GXIUB,3
2885-HIJDH,7
5424-RLQLC,6
6507-DTJZV,7
7673-BQGKU,5
6723-WSNTY,1
2725-IWWBA,3
1061-PNTHC,3
0394-YONDK,7
6574-MCOEH,3
7399-QHBJS,5
0997-YTLNY,4
9479-HYNYL,4
9708-KFDBY,7
3642-GKTCT,1
0774-RMNUW,7
1334-PDUKM,8
0756-MPZRL,3
2242-MFOTG,3
2927-CVULT,4
2144-BFDSO,6
8745-PVESG,7
7647-GYYKX,1
5647-FXOTP,4
9700-ISPUP,7
9839-ETQOE,2
6078-VESFR,1
9027-TMATR,1
1941-HOSAM,10
9110-HSGTV,6
0704-VCUMB,5
6171-ZTVYB,1
1935-IMVBB,10
2535-PBCGC,3
1470-PSXNM,7
2498-XLDZR,9
9866-OCCKE,9
5338-YHWYT,6
7718-UPSKJ,3
8731-WBBMB,1
1448-CYWKC,3
7901-IIDQV,10
2690-DVRVK,2
1270-XKUCC,5
0334-ZFJSR,8
5583-EJXRD,5
4565-EVZMJ,1
3327-YBAKM,3
9441-QHEVC,5
6705-LNMDD,7
2580-ASVVY,5
3370-GQEAL,10
5032-USPKF,5
4254-QPEDE,7
6283-GITPX,8
0771-CHWSK,8
9788-HNGUT,7
9495-REDIY,3
5375-XLDOF,2
1172-VIYBP,1
6559-PDZLR,6
8992-OBVDG,9
4273-MBHYA,3
4724-WXVWF,5
5701-GUXDC,9
1460-UZPRJ,9
6082-GLJIX,7
2495-TTHBQ,4
0485-ZBSLN,2
3810-PJUHR,2
0847-HGRML,4
8232-CTLKO,1
9227-YBAXE,4
9860-LISIZ,6
0112-QAWRZ,6
2786-GCDPI,7
4043-MKDTV,5
9229-RQABD,9
8313-KTIHG,2
5320-BRKGK,2
6284-KMNUF,4
6229-UOLQL,4
3137-LUPIX,4
6143-JQKEA,1
8676-OOQEJ,4
9701-CDXHR,5
8124-NZVGJ,9
2162-FRZAA,3
5118-MUEYH,3
5627-TVBPP,5
3936-QQFLL,10
2589-AYCRP,6
4067-HLYQI,3
5124-EOGYE,1
5057-RKGLH,10
0292-WEGCH,8
8910-ICHIU,1
4097-YODCF,2
9715-WZCLW,3
9786-YWNHU,6
6407-GSJNL,4
4049-ZPALD,4
3733-UOCWF,9
6833-JMZYP,6
1310-QRITU,2
8961-QDZZJ,7
9715-SBVSU,3
8490-BXHEO,9
7173-TETGO,6
7929-SKFGK,8
2300-RQGOI,1
3563-SVYLG,2
6435-VWCCY,6
4998-IKFSE,3
8630-QSGXK,1
2455-USLMV,6
9488-FVZCC,5
5995-WWKKG,9
7879-CGSFV,6
9921-EZKBY,5
7432-FFVAR,1
7246-ZGQDF,1
4456-RHSNB,1
2481-SBOYW,7
7109-MFBYV,6
1833-TCXKK,5
1832-PEUTS,4
8660-BUETV,8
0580-PIQHM,8
5696-CEIQJ,5
1696-HXOWK,4
3026-ATZYV,2
4012-YCFAI,7
9970-QBCDA,5
9496-IVVRP,3
2657-VPXTA,9
6551-VLJMV,9
1221-GHZEP,10
9289-LBQVU,8
3458-IDMFK,1
6933-FHBZC,3
0221-NAUXK,2
9770-KXGQU,4
6538-POCHL,2
6726-NNFWD,8
3002-WQZWT,1
4277-UDIEF,4
1208-NBVFH,5
4912-PIGUY,10
2725-TTRIQ,4
3374-TTZTK,8
8990-ZXLSU,2
2275-RBYQS,9
4419-UJMUS,2
7794-JASDG,2
7609-YBPXG,2
5519-TEEUH,10
7856-GANIL,8
0804-XBFBV,3
2676-OXPPQ,10
3703-TTEPD,10
2799-TSLAG,8
2208-NKVVH,7
7139-JZFVG,10
4987-GQWPO,4
1757-TCATG,7
4776-XSKYQ,8
8048-DSDFQ,6
5753-QQWPW,6
6010-DDPPW,3
6693-FRIRW,5
6586-MYGKD,10
3173-NVMPX,2
0248-PGHBZ,5
0623-GDISB,5
2892-GESUL,7
7472-EQOAV,4
2043-WVTQJ,6
8034-RYTVV,9
3863-QSTYI,4
5044-LRQAQ,6
1716-LSAMB,9
1333-PBMXB,10
6546-OPBBH,1
5985-BEHZK,8
9127-QRZMH,1
5919-VCZYM,4
9644-KVCNC,3
2137-DQMEV,4
8174-LNWMW,7
9279-CJEOJ,9
7964-VEXDG,9
2404-JIBFC,10
8029-XYPWT,1
4632-PAOYU,10
2990-OGYTD,1
6646-JPPHA,9
7658-UYUQS,4
7880-XSOJX,3
4589-IUAJB,9
8746-BFOAJ,5
8457-XIGKN,6
6072-NUQCB,1
8838-GPHZP,1
8750-QWZAJ,7
6918-UMQCG,10
0675-NCDYU,8
6339-DKLMK,8
1346-PJWTK,7
5088-QZLRL,9
8023-QHAIO,1
4397-FRLTA,2
3057-VJJQE,3
2302-OUZXB,5
8133-ANHHJ,4
2270-CHBFN,4
5982-FPVQN,8
9107-UKCKY,8
4654-ULTTN,7
5546-BYZSM,1
1492-KGETH,10
4163-HFTUK,4
8215-NGSPE,1
8859-YSTWS,5
7601-DHFWZ,3
1998-VHJHK,3
1707-HABPF,4
0487-VVUVK,2
5063-IUOKK,7
4508-OEBEY,4
0027-KWYKW,5
2308-STERM,2
5982-XMDEX,6
6051-PTVNS,9
2877-VDUER,8
9152-AMKAK,8
9432-VOFYX,2
8049-WJCLQ,4
6586-PSJOX,8
9705-ZJBCG,1
6847-KJLTS,8
9670-BPNXF,3
3913-FCUUW,8
3301-VKTGC,6
9555-SAHUZ,7
0816-TSPHQ,2
9932-WBWIK,1
4619-EVPHY,6
5286-YHCVC,3
9115-YQHGA,4
4462-CYWMH,9
8963-MQVYN,3
2458-EOMRE,2
9334-GWGOW,2
6542-LWGXJ,2
5567-GZKQY,6
1222-LRYKO,2
2087-QAREY,7
4423-JWZJN,7
6490-FGZAT,7
7452-FOLON,2
2320-TZRRH,7
4942-VZZOM,10
7502-BNYGS,8
4291-HYEBC,8
6147-CBCRA,2
6047-SUHPR,5
9752-ZNQUT,6
1576-PFZIW,9
5666-MBJPT,6
7312-XSBAT,10
3096-GKWEB,6
2371-JQHZZ,10
0674-GCDXG,10
1121-QSIVB,6
4396-KLSEH,9
2824-MYYBN,10
6345-HOVES,7
8318-LCNBW,1
6469-QJKZW,1
0147-ESWWR,4
1217-VASWC,2
6370-ZVHDV,3
5915-DGNVC,7
6260-XLACS,7
3566-CAAYU,3
4983-CCWMC,2
9103-CXVOK,1
2896-TBNBE,9
2522-WLNSF,10
3841-CONLJ,3
4475-NVTLU,9
9386-LDCZR,4
9585-KKMFD,10
5399-ZIMKF,6
0336-KXKFK,7
5619-XZZKR,10
3948-FVVRP,6
5327-XOKKY,1
0983-TATYJ,6
1813-JYWTO,6
6719-OXYBR,5
3312-ZWLGF,3
6476-YHMGA,10
0795-XCCTE,3
0168-XZKBB,10
3785-NRHYR,7
4537-DKTAL,8
7072-MBHEV,3
5602-BVFMK,3
6297-NOOPG,7
8204-TIFGJ,10
8050-DVOJX,7
8903-XEBGX,9
8169-SAEJD,6
1089-XZWHH,7
2325-WINES,10
6064-ZATLR,1
7824-PANSQ,7
9648-BCHKM,2
2888-ADFAO,7
8707-HOEDG,3
4072-IPYLT,9
7167-PCEYD,5
4936-YPJNK,7
1580-BMCMR,8
4817-KEQSP,2
6408-WHTEF,1
9251-AWQGT,7
8749-CLJXC,6
7989-VCQOH,6
4199-QHJNM,2
8882-TLVRW,3
5135-GRQJV,4
2384-OVPSA,3
1371-WEPDS,2
3580-GICBM,3
9730-DRTMJ,6
4686-UXDML,9
3349-ANQNH,4
0932-YIXYU,6
7480-SPLEF,1
7636-XUHWW,6
1431-CYWMH,3
5937-EORGB,9
6349-JDHQP,4
5539-HIVAK,7
5847-MXBEO,4
4583-PARNH,6
1116-FRYVH,7
1421-HCERK,2
9633-XQABV,10
0716-BQNDX,6
1183-CANVH,8
1972-XMUWV,6
8679-LZBMD,2
3407-JMJQQ,4
6252-DFGTK,1
1539-LNKHM,7
8645-KOMJQ,8
0289-IVARM,10
9761-XUJWD,2
4057-FKCZK,10
4291-TPNFG,5
6087-YPWHO,8
3090-QFUVD,8
1722-LDZJS,5
1818-ESQMW,8
7401-RUBNK,6
0506-YLVKJ,5
8661-BOYNW,4
4815-GBTCD,5
2805-AUFQN,4
0980-PVMRC,1
7233-DRTRF,3
3873-NFTGI,8
1162-ECVII,7
7048-GXDAY,7
8571-ZCMCX,3
1169-WCVAK,9
7129-CAKJW,6
8695-ARGXZ,8
3570-YUEKJ,8
1555-HAPSU,3
1697-NVVGY,4
8464-EETCQ,6
2419-FSORS,2
8132-YPVBX,7
6754-LZUKA,2
8099-MZPUJ,5
0787-LHDYT,4
0374-IOEGQ,9
3197-NNYNB,2
3396-DKDEL,7
1752-OZXFY,7
9066-QRSDU,7
9112-WSNPU,1
9867-NNXLC,8
5321-NTRKC,2
3161-GETRM,5
0402-OAMEN,2
6933-VLYFX,5
6754-WKSHP,7
4976-LNFVV,6
5055-MGMGF,5
4641-FROLU,4
2862-JVEOY,8
2969-QWUBZ,8
9822-BIIGN,1
2077-MPJQO,10
1534-OULXE,2
2971-SGAFL,3
1480-IVEVR,1
2905-KFQUV,3
3370-HXOPH,10
9391-YZEJW,8
9958-MEKUC,4
0281-CNTZX,7
4118-CEVPF,7
9114-VEPUF,5
7876-BEUTG,1
2338-BQEZT,10
9873-MNDKV,4
8241-JUIQO,7
2194-IIQOF,5
9631-RXVJM,2
9584-EXCDZ,8
5093-FEGLU,2
2621-UDNLU,8
7526-IVLYU,2
2428-HYUNX,5
9214-EKVXR,4
3410-MHHUM,1
2122-YWVYA,8
2296-DKZFP,10
8909-BOLNL,3
6603-YRDCJ,4
3229-USWAR,4
2138-VFAPZ,5
6131-JLWZM,3
0269-XFESX,9
1709-EJDOX,4
4316-XCSLJ,10
9693-XMUOB,4
0383-CLDDA,6
2709-UQGNP,8
3549-ZTMNH,7
8033-ATFAS,4
1635-NZATJ,4
0562-HKHML,5
8277-RVRSV,10
9943-VSZUV,5
7054-ENNGU,1
1455-HFBXA,8
9402-CXWPL,10
1628-BIZYP,5
0082-LDZUE,3
5343-SGUBI,3
0856-NAOES,4
1976-AZZPJ,7
6156-UZDLF,5
3099-OONVS,1
9500-WBGRP,5
5183-KLYEM,5
5144-PQCDZ,6
8514-VZHEB,7
6625-IUTTT,5
9355-NPPFS,2
0068-FIGTF,2
5965-GGPRW,4
8035-PWSEV,1
2236-HILPA,7
1840-BIUOG,1
1356-MKYSK,3
6080-LNESI,10
1830-IPXVJ,7
5828-DWPIL,6
8398-TBIYD,7
2931-FSOHN,5
9418-RUKPH,8
9971-ZWPBF,6
4712-AUQZO,4
9711-FJTBX,1
2908-ZTPNF,2
8421-WZOOW,6
1414-YADCW,4
8756-RDDLT,3
2862-PFNIK,7
5816-QVHRX,7
4430-YHXGG,2
6888-SBYAI,8
7395-XWZOY,1
7169-YWAMK,10
6859-RKMZJ,7
2729-VNVAP,10
2957-JIRMN,1
2049-BAFNW,3
3842-QTGDL,3
7163-OCEQI,10
9782-LGXMC,2
5975-BAICR,10
4673-KKSLS,5
4853-OITSN,4
9800-OUIGR,6
2324-EFHVG,2
7094-MSZAO,4
6907-CQGPN,7
0780-XNZFN,1
0239-OXEXL,3
2675-IJRGJ,1
7049-GKVZY,2
8577-QSOCG,9
3721-CNZHX,10
0212-ISBBF,5
3585-YNADK,4
5271-DBYSJ,4
1099-GODLO,8
6828-HMKWP,3
1472-TNCWL,4
2080-GKCWQ,2
2193-SFWQW,6
5656-JAMLX,9
3462-BJQQA,4
0442-TDYUO,6
6733-LRIZX,4
9503-XJUME,2
4367-NHWMM,6
3779-OSWCF,7
6736-DHUQI,4
3915-ODIYG,7
1360-RCYRT,8
2724-FJDYW,3
4451-RWASJ,2
3460-TJBWI,5
5917-HBSDW,2
5671-UUNXD,10
0956-ACVZC,5
2325-NBPZG,10
4482-FTFFX,6
8859-DZTGQ,8
0440-MOGPM,6
0020-JDNXP,4
3752-CQSJI,3
5025-GOOKI,2
4698-KVLLG,1
2887-JPYLU,2
4770-QAZXN,2
4896-CPRPF,5
9714-EDSUC,9
0282-NVSJS,1
7353-YOWFP,4
8008-ESFLK,10
7537-CBQUZ,7
3363-EWLGO,10
4750-UKWJK,3
1689-YQBYY,8
4487-ZYJZK,3
2959-FENLU,8
0708-LGSMF,2
7634-HLQJR,5
0487-RPVUM,4
4079-ULGFR,9
2516-XSJKX,3
0057-QBUQH,5
6599-SFQVE,10
8331-ZXFOE,9
4003-FUSHP,6
0356-ERHVT,2
7325-ENZFI,1
4884-ZTHVF,1
3920-HIHMQ,7
3055-OYMSE,2
0613-WUXUM,7
4458-KVRBJ,1
1397-XKKWR,4
8097-OMULG,10
6013-BHCAW,4
0401-WDBXM,5
3387-PLKUI,10
6096-EGVTU,1
5081-NWSUP,7
2580-ATZSQ,2
8085-MSNLK,2
9691-HKOVS,8
9881-VCZEP,9
8757-TFHHJ,6
1468-DEFNC,1
5119-KEPFY,1
0916-KNFAJ,7
8319-QBEHW,8
9625-QNLUX,3
4024-CSNBY,9
7110-BDTWG,4
7493-GVFIO,4
0690-SRQID,3
9605-WGJVW,8
9114-DPSIA,9
4700-UBQMV,1
7711-GQBZC,2
4627-MIHJH,1
9795-NREXC,4
8573-CGOCC,10
7356-AYNJP,7
6286-SUUWT,7
4819-HJPIW,6
8654-DHAOW,5
5438-QMDDL,4
9812-GHVRI,8
5553-AOINX,7
1228-ZLNBX,10
4226-KKDON,1
3831-YCPUO,6
7445-WMRBW,2
3308-DGHKL,4
9924-JPRMC,5
0080-EMYVY,8
6218-KNUBD,6
7337-CINUD,2
7609-NRNCA,5
0623-EJQEG,5
7153-CHRBV,6
6198-PNNSZ,1
3317-VLGQT,8
4132-POCZS,3
5614-DNZCE,5
3896-RCYYE,7
9638-JIQYA,3
3258-SANFR,10
3726-TBHQT,6
3190-ITQXP,5
4833-QTJNO,7
3039-MJSLN,10
0178-CIIKR,3
5774-QPLTF,2
2322-VCZHZ,4
5010-IPEAQ,3
6383-ZTSIW,4
8990-YOZLV,7
3069-SSVSN,5
5222-IMUKT,4
6685-XSHHU,6
8901-UPRHR,7
0118-JPNOY,5
3845-FXCYS,7
5857-XRECV,3
0725-CXOTM,7
4343-EJVQB,3
9000-PLFUZ,6
3427-GGZZI,8
7779-ORAEL,6
0644-OQMDK,10
3154-CFSZG,3
2220-IAHLS,5
1658-XUHBX,9
2378-HTWFW,8
4377-VDHYI,6
3719-TDVQB,9
0201-MIBOL,2
4937-QPZPO,9
2925-VDZHY,10
6981-TDRFT,10
3413-CSSTH,6
8033-VCZGH,9
0224-NIJLP,4
7542-CYDDM,5
4718-WXBGI,2
8495-PRWFH,3
0439-IFYUN,1
5716-LIBJC,4
2868-LLSKM,2
2988-QRAJY,2
0071-NDAFP,1
7328-ZJAJO,10
6458-CYIDZ,2
1090-PYKCI,4
3058-WQDRE,6
2279-AXJJK,7
0909-SELIE,7
3417-TSCIC,7
1042-HFUCW,4
6537-OTKMY,5
8999-EXMNO,3
6725-TPKJO,1
7162-WPHPM,8
1599-MMYRQ,10
8821-KVZKQ,7
6434-TTGJP,9
0042-JVWOJ,10
0130-SXOUN,4
2330-PQGDQ,5
1452-UZOSF,5
2097-YVPKN,7
8597-CTXVJ,9
6631-HMANX,8
9962-BFPDU,7
6394-HHHZM,1
5995-LFTLE,10
1932-UEDCX,6
5188-HGMLP,10
0665-XHDJU,9
8265-HKSOW,7
3544-FBCAS,1
5331-RGMTT,9
4759-PXTAN,3
7054-DMVAS,9
3428-MMGUB,4
6549-BTYPG,9
7823-JSOAG,8
3705-RHRFR,7
9374-YOLBJ,4
9074-KGVOX,9
6128-DAFVY,4
9933-QRGTX,1
4476-OSWTN,6
5066-GFJMM,4
2661-GKBTK,10
0458-HEUZG,3
7268-WNTCP,5
0824-VWDPO,3
8409-WQJUX,9
2578-JQPHZ,6
3278-FSIXX,3
9746-UGFAC,5
2946-KIQSP,8
0625-AFOHS,8
6726-WEXXK,6
4636-OLWOE,5
4685-ERGHK,5
0885-HMGPY,1
5003-OKNNK,2
7208-PSIHR,4
4012-ZTHBR,6
0489-WMEMG,7
7435-ZNUYY,1
1354-YZFNB,8
2985-FMWYF,1
2812-ENYMO,9
2717-HVIZY,4
3422-GALYP,7
2890-WFBHU,6
0327-WFZSY,9
7977-HXJKU,2
7033-CLAMM,7
4023-RTIQM,5
0864-FVJNJ,7
7356-IWLFW,1
9541-PWTWO,10
3967-VQOGC,9
7872-RDDLZ,1
6308-CQRBU,5
0186-CAERR,8
3043-SUDUA,1
5442-BHQNG,7
2169-RRLFW,2
5872-OEQNH,7
3162-KKZXO,7
8873-GLDMH,9
5696-JVVQY,6
8946-BFWSG,4
0547-HURJB,7
8904-OPDCK,7
8845-LWKGE,4
0691-NIKRI,2
5022-JNQEQ,9
3249-VHRIP,8
3736-BLEPA,5
4701-LKOZD,5
6603-QWSPR,1
9921-QFQUL,9
1929-ZCBHE,10
4378-MYPGO,8
4129-LYCOI,5
7798-JVXYM,10
8647-SDTWQ,6
2696-ECXKC,10
2081-KJSQF,10
3323-CPBWR,8
3384-CTMSF,6
0902-RFHOF,10
6048-QBXKL,4
7718-RXDGG,3
1025-FALIX,7
3451-VAWLI,2
3407-QGWLG,7
2347-WKKAE,1
8735-DCXNF,10
3214-IYUUQ,5
1936-UAFEH,9
3587-PMCOY,1
1027-LKKQQ,8
7148-XZPHA,9
5309-TAIKL,9
6856-RAURS,8
8778-LMWTJ,4
9717-IOAAF,7
2845-KDHVX,1
0848-SOMKO,7
6734-FQAJX,6
1535-VTJOQ,5
6368-TZZDT,1
0943-ZQPXH,8
1293-BSEUN,10
1302-TPUBN,1
2378-VTKDH,1
0927-CNGRH,3
8608-OZTLB,8
2335-GSODA,8
1952-DVVSW,7
6656-GULJQ,5
9853-JFZDU,8
3777-XROBG,2
6994-FGRHH,8
4000-VGMQP,2
3999-WRNGR,10
3466-RITXD,5
2680-XKKNJ,4
2974-GGUXS,1
7994-XIRTR,5
2101-RANCD,7
7921-BEPCI,1
8510-TMWYB,2
3258-ZKPAI,9
1428-IEDPR,5
5298-GSTLM,7
4450-YOOHP,2
6728-CZFEI,7
3653-NCRDJ,7
6121-TNHBO,7
5119-NZPTV,5
6519-ZHPXP,9
3472-QPRCH,2
8224-UAXBZ,4
9610-WCESF,2
2486-WYVVE,8
3865-ZYKAD,1
1422-DGUBX,9
2999-AANRQ,5
8668-KNZTI,3
0480-KYJVA,4
9746-YKGXB,1
3926-YZVVX,3
6000-UKLWI,8
6332-FBZRI,2
2096-XOTMO,2
3266-FTKHB,9
8221-EQDGL,5
2346-LOCWC,5
0298-XACET,1
7560-QJAVJ,6
2995-YWTCD,8
9137-UIYPG,6
2809-ZMYOQ,7
5084-OOVCJ,4
0254-WWRKD,2
7727-SHVZV,1
5339-PXDVH,6
2205-LPVGL,9
8782-NUUOL,10
7601-WFVZV,5
4609-KNNWG,2
4868-AADLV,1
9529-OFXHY,3
2669-QVCRG,4
2478-EEWWM,7
9174-IHETN,9
2233-TXSIU,8
9644-UMGQA,9
3256-EZDBI,7
0419-YAAPX,10
0872-CASZJ,8
4726-DLWQN,8
8164-OCKUJ,1
3094-JOJAI,9
9494-MRNYX,2
2599-CZABP,7
7945-PRBVF,10
4544-RXFMG,10
0859-YGKFW,5
1150-FTQGN,4
7196-LIWRH,1
5448-VWNAM,1
1177-XZBJL,3
3518-FSTWG,1
9330-VOFSZ,8
0939-EREMR,3
9389-ACWBI,10
3644-QXEHN,2
2911-IJORQ,6
5921-NGYRH,4
5998-DZLYR,4
3985-HOYPM,2
9548-LERKT,2
6576-FBXOJ,6
4310-KEDTB,5
4062-HBMOS,9
2676-ISHSF,4
9236-NDUCW,5
4753-PADAS,1
6103-QCKFX,2
7781-EWARA,3
7018-FPXHH,5
0572-ZJKLT,5
5135-RDDQL,4
1353-LJWEM,10
1794-SWWKL,3
6166-YIPFO,9
9332-GYWLO,1
4184-VODJZ,6
1092-WPIVQ,7
7233-IOQNP,10
2834-JKOOW,4
2400-FEQME,10
4957-SREEC,3
0230-UBYPQ,8
4923-ADWXJ,9
1763-KUAAW,1
1104-TNLZA,10
5195-KPUNQ,9
3439-GVUSX,7
5949-HGVJL,1
5203-XEHAX,7
1635-HDGFT,5
8050-XGRVL,10
9828-QHFBK,7
3908-MKIMJ,9
5012-YSPJJ,8
6728-VOIFY,6
4891-NLUBA,2
8969-PRHFK,8
0661-KQHNK,4
8709-KRDVL,8
1427-VERSM,7
9801-NOSHQ,4
6339-YPSAH,8
2159-TURXX,2
1548-FEHVL,9
3795-CAWEX,6
6215-NQCPY,7
5647-URDKA,10
2229-DPMBI,1
9626-WEQRM,3
2188-SXWVT,10
6258-PVZWJ,5
1094-BKOSX,7
6969-MVBAI,1
2978-XXSOG,9
2342-CKIAO,5
6953-PBDIN,3
3898-BSJYF,7
3938-YFPXD,10
7696-AMHOD,8
2453-SAFNS,10
9558-IHEZX,10
9617-UDPEU,3
6340-DACFT,7
4955-VCWBI,7
6813-GZQCG,4
7426-GSWPO,10
3389-KTRXV,9
3118-UHVVQ,1
3205-MXZRA,1
8317-BVKSO,5
5702-KVQRD,3
0083-PIVIK,10
6169-PGNCD,9
4909-JOUPP,5
4657-FWVFY,7
2257-BOVXD,1
7729-JTEEC,2
9696-RMYBA,4
8690-UPCZI,9
9770-LXDBK,5
4086-WITJG,5
8344-WFMFH,9
8822-KNBHV,8
8404-FYDIB,2
2791-SFVEW,7
6762-NSODU,1
9888-ZCUMM,10
1074-WVEVG,9
9979-RGMZT,3
6437-UDQJM,2
1226-IENZN,4
2108-GLPQB,4
5474-LAMUQ,3
3468-DRVQJ,2
1122-YJBCS,5
4990-ALDGW,4
4816-OKWNX,5
3315-IKYZQ,8
4747-LCAQL,2
3411-WLRSQ,9
0898-XCGTF,10
8006-PYCSW,1
8249-THVEC,8
8722-PRFDV,5
2164-SOQXL,2
4020-KIUDI,8
5850-BDWCY,5
2038-YSEZE,10
0827-ITJPH,10
8799-OXZMD,3
1705-GUHPV,7
4779-ZGICK,4
0048-PIHNL,10
3967-KXAPS,6
3704-IEAXF,10
6810-VCAEX,8
0674-EYYZV,1
4480-MBMLB,2
1395-OFUWC,8
0822-QGCXA,7
2832-KJCRD,10
3588-WSTTJ,9
4075-WKNIU,2
5090-EMGTC,8
2346-CZYIL,6
3798-EPWRR,1
6258-NGCNG,4
4186-ZBUEW,2
5274-XHAKY,7
1442-BQPVU,9
3978-YNKDD,6
4940-KHCWD,4
9589-ABEPT,5
9388-ZEYVT,1
0305-SQECB,4
7605-SNLQG,10
4670-TABXH,3
0064-SUDOG,9
8561-NMTBD,6
5161-XEUVX,4
8292-FRFZQ,3
8591-NXRCV,4
7895-VONWT,8
4526-RMTLL,5
6253-GNHWH,1
4566-NECEV,5
8080-POTJR,8
6906-MPARY,4
3662-FXJFO,2
8107-RZLNV,3
0516-OOHAR,9
2027-CWDNU,7
9912-OMZDS,3
3733-ZEECP,5
7878-RTCZG,3
2452-MRMZF,10
7103-IPXPJ,4
4342-HFXWS,8
3545-CNWRG,3
1785-BPHTP,3
4989-LIXVT,8
7315-WYOAW,10
1173-XZPYF,10
2509-TFPJU,7
9530-GRMJG,7
6898-RBTLU,10
5481-NTDOH,2
2068-WWXQZ,7
2061-VVFST,10
0749-IRGQE,10
2380-DAMQP,3
2256-YLYLP,7
1272-ILHFG,4
0164-XAIRP,8
5666-CYCYZ,8
4011-ARPHK,6
6365-HITVU,3
7558-IMLMT,6
9488-FYQAU,6
3590-TCXTB,3
6994-KERXL,4
1960-UOTYM,2
2740-JFBOK,1
6500-JVEGC,2
5245-VDBUR,7
8469-SNFFH,10
2144-ESWKO,5
1241-FPMOF,9
9928-BZVLZ,3
4114-QMKVN,2
2775-SEFEE,4
9003-CPATH,2
1754-GKYPY,7
7956-XQWGU,10
1591-MQJTP,6
2369-FEVNO,8
7471-MQPOS,5
5115-SQAAU,2
9845-QOMAD,4
7672-VFMXZ,1
9739-JLPQJ,2
9916-AYHTC,4
3855-ONCAR,6
1488-SYSFC,4
0970-QXPXW,4
3259-KNMRR,10
6120-RJKLU,10
9572-WUKSB,2
5893-KCLGT,9
0076-LVEPS,10
3640-JQGJG,8
1596-OQSPS,8
9867-XOBQA,5
9546-KDTRB,3
3174-RKMOW,6
1760-CAZHT,9
8441-SHIPE,8
1320-GVNHT,7
1047-RNXZV,8
3541-ZNUHK,4
8725-JEDFD,6
7562-UXTPG,5
8071-SBTRN,2
6668-CNMFP,8
5626-MGTUK,3
5681-LLOEI,5
8212-DJRCH,8
4323-OHFOW,9
4933-BSAIP,9
2030-BTZRO,5
1116-DXXDF,2
6563-VNPMN,7
2267-WTPYD,7
0270-THENM,8
4707-MAXGU,8
2710-WYVXG,5
6300-BWMJX,1
7009-LGECI,4
5022-KVDQT,4
7976-CICYS,3
1036-GUDCL,8
2005-DWQZJ,3
8148-WOCMK,5
7815-PDTHL,2
9173-IVZVP,6
9129-UXERG,6
3635-JBPSG,8
7964-ZRKKG,8
6229-LSCKB,1
1724-IQWNM,5
8217-QYOHV,2
5546-QUERU,10
6897-UUBNU,5
6127-IYJOZ,10
8930-XOTDP,9
5916-QEWPT,4
5060-TQUQN,8
0531-XBKMM,1
8465-SBRXP,8
2408-PSJVE,6
9700-ZCLOT,8
8738-JOKAR,6
4534-WGCIR,3
1930-WNXSB,8
3508-CFVZL,5
0657-DOGUM,10
8792-AOROI,5
5146-YYFRZ,7
3452-SRFEG,6
4070-OKWVH,9
5297-MDOIR,7
6369-MCAKO,3
4926-UMJZD,5
6848-HJTXY,9
6341-AEVKX,10
0682-USIXD,2
6976-BWGLQ,1
7078-NVFAM,8
8065-QBYTO,8
2133-TSRRM,2
2511-ALLCS,8
3191-CSNMG,5
7952-OBOYL,2
7470-DYNOE,7
7853-OETYL,7
1545-ACTAS,3
5126-RCXYW,1
2363-BJLSL,4
1956-YIFGE,2
7921-LMDFQ,4
2925-MXLSX,8
5820-PTRYM,2
9609-BENEA,1
6211-WHMYA,3
4459-BBGHE,10
9945-PSVIP,7
9108-EJFJP,6
0530-IJVDB,6
0508-SQWPL,7
2215-ZAFGX,8
8213-TAZPM,3
1304-SEGFY,3
7242-EDTYC,10
2904-GGUAZ,8
5136-GFPMB,7
2595-KIWPV,10
5243-SAOTC,5
9398-MMQTO,4
7619-PLRLP,6
6508-NJYRO,9
4710-NKCAW,6
5306-BVTKJ,8
0357-NVCRI,1
2371-KFUOG,6
0463-ZSDNT,2
6257-DTAYD,3
4616-ULAOA,6
7746-AWNQW,2
5996-EBTKM,4
2758-RNWXS,6
2314-TNDJQ,5
2405-LBMUW,6
3454-JFUBC,6
9039-ZVJDC,8
9013-AQORL,9
2898-MRKPI,5
2750-BJLSB,6
3648-GZPHF,6
2075-RMJIK,6
9588-YRFHY,2
9364-YKUVW,4
5392-AKEMH,1
2451-YMUXS,1
3914-FDRHP,1
3078-ZKNTS,7
1024-KPRBB,1
4690-PKDQG,6
9547-ITEFG,2
1264-FUHCX,6
7789-CRUVC,6
6598-KELSS,3
9972-VAFJJ,8
0422-UXFAP,4
1904-WAJAA,7
5130-YPIRV,4
2843-CQMEG,1
6439-PKTRR,6
5351-QESIO,5
5568-DMXZS,9
8468-FZTOE,9
6633-SYEUS,8
6447-GORXK,7
6967-PEJLL,2
5981-ZVXOT,8
1684-FLBGS,3
1389-WNUIB,6
0376-OIWME,10
0218-QNVAS,7
0804-YGEQV,6
7164-BPTUT,5
2523-EWWZL,4
0928-XUTSN,2
0052-YNYOT,9
9586-JGQKH,7
4501-VCPFK,7
6075-SLNIL,4
9347-AERRL,5
2274-XUATA,6
6691-CCIHA,2
1685-BQULA,4
9053-EJUNL,4
0666-UXTJO,4
1471-GIQKQ,7
4807-IZYOZ,7
9710-NJERN,7
9837-FWLCH,7
7203-OYKCT,2
1035-IPQPU,5
7398-LXGYX,10
2823-LKABH,2
0550-DCXLH,5
9281-CEDRU,6
2235-DWLJU,3
0871-OPBXW,6
3605-JISKB,5
9767-FFLEM,4
8456-QDAVC,10
7750-EYXWZ,9
2569-WGERO,8
6840-RESVB,7
2234-XADUH,1
4801-JZAZL,9
3186-AJIEK,9
